WebMjb/Papers/papers.html	a	href	https://web.engr.oregonstate.edu/~mjb/WebMjb/Papers/papers.html
WebMjb/mjb.html	a	href	https://web.engr.oregonstate.edu/~mjb/WebMjb/mjb.html
WebMjb/mjb.html	a	href	http://cs.oregonstate.edu/~mjb/chromadepth
WebMjb/mjb.html	a	href	http://cs.oregonstate.edu/~mjb/paraview
WebMjb/mjb.html	a	href	http://cs.oregonstate.edu/~mjb/vulkan
WebMjb/mjb.html	a	href	http://cs.oregonstate.edu/~mjb/whirlwind
WebMjb/mjb.html	a	href	http://cs.oregonstate.edu/~mjb/blender
WebMjb/mjb.html	a	href	http://cs.oregonstate.edu/~mjb/processing
WebMjb/mjb.html	a	href	http://cs.oregonstate.edu/~mjb/sketchup
WebMjb/mjb.html	a	href	http://cs.oregonstate.edu/~mjb/scratch
WebMjb/mjb.html	a	href	http://cs.oregonstate.edu/~mjb/tinkercad
cs491/Projects/proj01.html	a	href	https://web.engr.oregonstate.edu/~mjb/cs491/Projects/proj01.html
cs491/Projects/proj02.html	a	href	https://web.engr.oregonstate.edu/~mjb/cs491/Projects/proj02.html
cs491/Projects/proj03.html	a	href	https://web.engr.oregonstate.edu/~mjb/cs491/Projects/proj03.html
cs491/Projects/proj04.html	a	href	https://web.engr.oregonstate.edu/~mjb/cs491/Projects/proj04.html
cs491/Projects/proj05.html	a	href	https://web.engr.oregonstate.edu/~mjb/cs491/Projects/proj05.html
cs491/Projects/proj06.html	a	href	https://web.engr.oregonstate.edu/~mjb/cs491/Projects/proj06.html
cs491/Projects/proj07.html	a	href	https://web.engr.oregonstate.edu/~mjb/cs491/Projects/proj07.html
cs491/Tests/test01.html	a	href	https://web.engr.oregonstate.edu/~mjb/cs491/Tests/test01.html
cs491/Tests/test02.html	a	href	https://web.engr.oregonstate.edu/~mjb/cs491/Tests/test02.html
cs491/calendar.html	a	href	https://web.engr.oregonstate.edu/~mjb/cs491/calendar.html
cs491/glmprimer.html	a	href	https://web.engr.oregonstate.edu/~mjb/cs491/glmprimer.html
cs491/index.html	a	href	https://web.engr.oregonstate.edu/~mjb/cs491/index.html
cs491/index.html	a	href	http://cs.oregonstate.edu/~mjb/vulkan
cs491/index.html	a	href	http://cs.oregonstate.edu/~mjb/paraview
cs491/index.html	a	href	http://cs.oregonstate.edu/~mjb/webgl
cs491/index.html	a	href	http://cs.oregonstate.edu/~mjb/scratch
cs491/index.html	a	href	http://cs.oregonstate.edu/~mjb/sketchup
cs491/index.html	a	href	http://cs.oregonstate.edu/~mjb/blender
cs491/index.html	a	href	http://cs.oregonstate.edu/~mjb/tinkercad
cs491/index.html	a	href	http://cs.oregonstate.edu/~mjb/processing
cs519v/Projects/proj01.html	a	href	https://web.engr.oregonstate.edu/~mjb/cs519v/Projects/proj01.html
cs519v/Projects/proj02.html	a	href	https://web.engr.oregonstate.edu/~mjb/cs519v/Projects/proj02.html
cs519v/Projects/proj03.html	a	href	https://web.engr.oregonstate.edu/~mjb/cs519v/Projects/proj03.html
cs519v/Projects/proj04.html	a	href	https://web.engr.oregonstate.edu/~mjb/cs519v/Projects/proj04.html
cs519v/Projects/proj05.html	a	href	https://web.engr.oregonstate.edu/~mjb/cs519v/Projects/proj05.html
cs519v/Tests/test01.html	a	href	https://web.engr.oregonstate.edu/~mjb/cs519v/Tests/test01.html
cs519v/Tests/test02.html	a	href	https://web.engr.oregonstate.edu/~mjb/cs519v/Tests/test02.html
cs519v/calendar.html	a	href	https://web.engr.oregonstate.edu/~mjb/cs519v/calendar.html
cs519v/index.html	a	href	https://web.engr.oregonstate.edu/~mjb/cs519v/index.html
cs519v/index.html	a	href	http://cs.oregonstate.edu/~mjb/vulkan/Handouts/Intro.1pp.pdf
cs519v/index.html	a	href	http://cs.oregonstate.edu/~mjb/vulkan/Handouts/Intro.2pp.pdf
cs519v/index.html	a	href	http://cs.oregonstate.edu/~mjb/vulkan/Handouts/Intro.4pp.pdf
cs519v/index.html	a	href	http://cs.oregonstate.edu/~mjb/vulkan/Handouts/Intro.6pp.pdf
cs519v/index.html	a	href	http://cs.oregonstate.edu/~mjb/vulkan/Handouts/Project.Notes.Vulkan.1pp.pdf
cs519v/index.html	a	href	http://cs.oregonstate.edu/~mjb/vulkan/Handouts/Project.Notes.Vulkan.2pp.pdf
cs519v/index.html	a	href	http://cs.oregonstate.edu/~mjb/vulkan/Handouts/Project.Notes.Vulkan.4pp.pdf
cs519v/index.html	a	href	http://cs.oregonstate.edu/~mjb/vulkan/Handouts/Project.Notes.Vulkan.6pp.pdf
cs519v/index.html	a	href	http://cs.oregonstate.edu/~mjb/vulkan/Handouts/SampleCode.1pp.pdf
cs519v/index.html	a	href	http://cs.oregonstate.edu/~mjb/vulkan/Handouts/SampleCode.2pp.pdf
cs519v/index.html	a	href	http://cs.oregonstate.edu/~mjb/vulkan/Handouts/SampleCode.4pp.pdf
cs519v/index.html	a	href	http://cs.oregonstate.edu/~mjb/vulkan/Handouts/SampleCode.6pp.pdf
cs519v/index.html	a	href	http://cs.oregonstate.edu/~mjb/vulkan/Handouts/Drawing.1pp.pdf
cs519v/index.html	a	href	http://cs.oregonstate.edu/~mjb/vulkan/Handouts/Drawing.2pp.pdf
cs519v/index.html	a	href	http://cs.oregonstate.edu/~mjb/vulkan/Handouts/Drawing.4pp.pdf
cs519v/index.html	a	href	http://cs.oregonstate.edu/~mjb/vulkan/Handouts/Drawing.6pp.pdf
cs519v/index.html	a	href	http://cs.oregonstate.edu/~mjb/vulkan/Handouts/ShadersAndSpirv.1pp.pdf
cs519v/index.html	a	href	http://cs.oregonstate.edu/~mjb/vulkan/Handouts/ShadersAndSpirv.2pp.pdf
cs519v/index.html	a	href	http://cs.oregonstate.edu/~mjb/vulkan/Handouts/ShadersAndSpirv.4pp.pdf
cs519v/index.html	a	href	http://cs.oregonstate.edu/~mjb/vulkan/Handouts/ShadersAndSpirv.6pp.pdf
cs519v/index.html	a	href	http://cs.oregonstate.edu/~mjb/vulkan/Handouts/DataBuffers.1pp.pdf
cs519v/index.html	a	href	http://cs.oregonstate.edu/~mjb/vulkan/Handouts/DataBuffers.2pp.pdf
cs519v/index.html	a	href	http://cs.oregonstate.edu/~mjb/vulkan/Handouts/DataBuffers.4pp.pdf
cs519v/index.html	a	href	http://cs.oregonstate.edu/~mjb/vulkan/Handouts/DataBuffers.6pp.pdf
cs519v/index.html	a	href	http://cs.oregonstate.edu/~mjb/vulkan/Handouts/VertexBuffers.1pp.pdf
cs519v/index.html	a	href	http://cs.oregonstate.edu/~mjb/vulkan/Handouts/VertexBuffers.2pp.pdf
cs519v/index.html	a	href	http://cs.oregonstate.edu/~mjb/vulkan/Handouts/VertexBuffers.4pp.pdf
cs519v/index.html	a	href	http://cs.oregonstate.edu/~mjb/vulkan/Handouts/VertexBuffers.6pp.pdf
cs519v/index.html	a	href	http://cs.oregonstate.edu/~mjb/vulkan/Handouts/VMA.1pp.pdf
cs519v/index.html	a	href	http://cs.oregonstate.edu/~mjb/vulkan/Handouts/VMA.2pp.pdf
cs519v/index.html	a	href	http://cs.oregonstate.edu/~mjb/vulkan/Handouts/VMA.4pp.pdf
cs519v/index.html	a	href	http://cs.oregonstate.edu/~mjb/vulkan/Handouts/VMA.6pp.pdf
cs519v/index.html	a	href	http://cs.oregonstate.edu/~mjb/vulkan/Handouts/GLFW.1pp.pdf
cs519v/index.html	a	href	http://cs.oregonstate.edu/~mjb/vulkan/Handouts/GLFW.2pp.pdf
cs519v/index.html	a	href	http://cs.oregonstate.edu/~mjb/vulkan/Handouts/GLFW.4pp.pdf
cs519v/index.html	a	href	http://cs.oregonstate.edu/~mjb/vulkan/Handouts/GLFW.6pp.pdf
cs519v/index.html	a	href	http://cs.oregonstate.edu/~mjb/vulkan/Handouts/GLM.1pp.pdf
cs519v/index.html	a	href	http://cs.oregonstate.edu/~mjb/vulkan/Handouts/GLM.2pp.pdf
cs519v/index.html	a	href	http://cs.oregonstate.edu/~mjb/vulkan/Handouts/GLM.4pp.pdf
cs519v/index.html	a	href	http://cs.oregonstate.edu/~mjb/vulkan/Handouts/GLM.6pp.pdf
cs519v/index.html	a	href	http://cs.oregonstate.edu/~mjb/vulkan/Handouts/manual.pdf
cs519v/index.html	a	href	http://cs.oregonstate.edu/~mjb/vulkan/Handouts/keytime.1pp.pdf
cs519v/index.html	a	href	http://cs.oregonstate.edu/~mjb/vulkan/Handouts/keytime.2pp.pdf
cs519v/index.html	a	href	http://cs.oregonstate.edu/~mjb/vulkan/Handouts/keytime.4pp.pdf
cs519v/index.html	a	href	http://cs.oregonstate.edu/~mjb/vulkan/Handouts/keytime.6pp.pdf
cs519v/index.html	a	href	http://cs.oregonstate.edu/~mjb/vulkan/Handouts/Instancing.1pp.pdf
cs519v/index.html	a	href	http://cs.oregonstate.edu/~mjb/vulkan/Handouts/Instancing.2pp.pdf
cs519v/index.html	a	href	http://cs.oregonstate.edu/~mjb/vulkan/Handouts/Instancing.4pp.pdf
cs519v/index.html	a	href	http://cs.oregonstate.edu/~mjb/vulkan/Handouts/Instancing.6pp.pdf
cs519v/index.html	a	href	http://cs.oregonstate.edu/~mjb/vulkan/Handouts/DescriptorSets.1pp.pdf
cs519v/index.html	a	href	http://cs.oregonstate.edu/~mjb/vulkan/Handouts/DescriptorSets.2pp.pdf
cs519v/index.html	a	href	http://cs.oregonstate.edu/~mjb/vulkan/Handouts/DescriptorSets.4pp.pdf
cs519v/index.html	a	href	http://cs.oregonstate.edu/~mjb/vulkan/Handouts/DescriptorSets.6pp.pdf
cs519v/index.html	a	href	http://cs.oregonstate.edu/~mjb/vulkan/Handouts/GraphicsPipelineDataStructure.1pp.pdf
cs519v/index.html	a	href	http://cs.oregonstate.edu/~mjb/vulkan/Handouts/GraphicsPipelineDataStructure.2pp.pdf
cs519v/index.html	a	href	http://cs.oregonstate.edu/~mjb/vulkan/Handouts/GraphicsPipelineDataStructure.4pp.pdf
cs519v/index.html	a	href	http://cs.oregonstate.edu/~mjb/vulkan/Handouts/GraphicsPipelineDataStructure.6pp.pdf
cs519v/index.html	a	href	http://cs.oregonstate.edu/~mjb/vulkan/Handouts/Textures.1pp.pdf
cs519v/index.html	a	href	http://cs.oregonstate.edu/~mjb/vulkan/Handouts/Textures.2pp.pdf
cs519v/index.html	a	href	http://cs.oregonstate.edu/~mjb/vulkan/Handouts/Textures.4pp.pdf
cs519v/index.html	a	href	http://cs.oregonstate.edu/~mjb/vulkan/Handouts/Textures.6pp.pdf
cs519v/index.html	a	href	http://cs.oregonstate.edu/~mjb/vulkan/Handouts/QueuesAndCommandBuffers.1pp.pdf
cs519v/index.html	a	href	http://cs.oregonstate.edu/~mjb/vulkan/Handouts/QueuesAndCommandBuffers.2pp.pdf
cs519v/index.html	a	href	http://cs.oregonstate.edu/~mjb/vulkan/Handouts/QueuesAndCommandBuffers.4pp.pdf
cs519v/index.html	a	href	http://cs.oregonstate.edu/~mjb/vulkan/Handouts/QueuesAndCommandBuffers.6pp.pdf
cs519v/index.html	a	href	http://cs.oregonstate.edu/~mjb/vulkan/Handouts/SwapChain.1pp.pdf
cs519v/index.html	a	href	http://cs.oregonstate.edu/~mjb/vulkan/Handouts/SwapChain.2pp.pdf
cs519v/index.html	a	href	http://cs.oregonstate.edu/~mjb/vulkan/Handouts/SwapChain.4pp.pdf
cs519v/index.html	a	href	http://cs.oregonstate.edu/~mjb/vulkan/Handouts/SwapChain.6pp.pdf
cs519v/index.html	a	href	http://cs.oregonstate.edu/~mjb/vulkan/Handouts/PushConstants.1pp.pdf
cs519v/index.html	a	href	http://cs.oregonstate.edu/~mjb/vulkan/Handouts/PushConstants.2pp.pdf
cs519v/index.html	a	href	http://cs.oregonstate.edu/~mjb/vulkan/Handouts/PushConstants.4pp.pdf
cs519v/index.html	a	href	http://cs.oregonstate.edu/~mjb/vulkan/Handouts/PushConstants.6pp.pdf
cs519v/index.html	a	href	http://cs.oregonstate.edu/~mjb/vulkan/Handouts/PhysicalDevices.1pp.pdf
cs519v/index.html	a	href	http://cs.oregonstate.edu/~mjb/vulkan/Handouts/PhysicalDevices.2pp.pdf
cs519v/index.html	a	href	http://cs.oregonstate.edu/~mjb/vulkan/Handouts/PhysicalDevices.4pp.pdf
cs519v/index.html	a	href	http://cs.oregonstate.edu/~mjb/vulkan/Handouts/PhysicalDevices.6pp.pdf
cs519v/index.html	a	href	http://cs.oregonstate.edu/~mjb/vulkan/Handouts/LogicalDevices.1pp.pdf
cs519v/index.html	a	href	http://cs.oregonstate.edu/~mjb/vulkan/Handouts/LogicalDevices.2pp.pdf
cs519v/index.html	a	href	http://cs.oregonstate.edu/~mjb/vulkan/Handouts/LogicalDevices.4pp.pdf
cs519v/index.html	a	href	http://cs.oregonstate.edu/~mjb/vulkan/Handouts/LogicalDevices.6pp.pdf
cs519v/index.html	a	href	http://cs.oregonstate.edu/~mjb/vulkan/Handouts/DynamicStateVariables.1pp.pdf
cs519v/index.html	a	href	http://cs.oregonstate.edu/~mjb/vulkan/Handouts/DynamicStateVariables.2pp.pdf
cs519v/index.html	a	href	http://cs.oregonstate.edu/~mjb/vulkan/Handouts/DynamicStateVariables.4pp.pdf
cs519v/index.html	a	href	http://cs.oregonstate.edu/~mjb/vulkan/Handouts/DynamicStateVariables.6pp.pdf
cs519v/index.html	a	href	http://cs.oregonstate.edu/~mjb/vulkan/Handouts/GettingInfoBack.1pp.pdf
cs519v/index.html	a	href	http://cs.oregonstate.edu/~mjb/vulkan/Handouts/GettingInfoBack.2pp.pdf
cs519v/index.html	a	href	http://cs.oregonstate.edu/~mjb/vulkan/Handouts/GettingInfoBack.4pp.pdf
cs519v/index.html	a	href	http://cs.oregonstate.edu/~mjb/vulkan/Handouts/GettingInfoBack.6pp.pdf
cs519v/index.html	a	href	http://cs.oregonstate.edu/~mjb/vulkan/Handouts/OpenglComputeShaders.1pp.pdf
cs519v/index.html	a	href	http://cs.oregonstate.edu/~mjb/vulkan/Handouts/OpenglComputeShaders.2pp.pdf
cs519v/index.html	a	href	http://cs.oregonstate.edu/~mjb/vulkan/Handouts/OpenglComputeShaders.4pp.pdf
cs519v/index.html	a	href	http://cs.oregonstate.edu/~mjb/vulkan/Handouts/OpenglComputeShaders.6pp.pdf
cs519v/index.html	a	href	http://cs.oregonstate.edu/~mjb/vulkan/Handouts/ComputeShaders.1pp.pdf
cs519v/index.html	a	href	http://cs.oregonstate.edu/~mjb/vulkan/Handouts/ComputeShaders.2pp.pdf
cs519v/index.html	a	href	http://cs.oregonstate.edu/~mjb/vulkan/Handouts/ComputeShaders.4pp.pdf
cs519v/index.html	a	href	http://cs.oregonstate.edu/~mjb/vulkan/Handouts/ComputeShaders.6pp.pdf
cs519v/index.html	a	href	http://cs.oregonstate.edu/~mjb/vulkan/Handouts/SpecializationConstants.1pp.pdf
cs519v/index.html	a	href	http://cs.oregonstate.edu/~mjb/vulkan/Handouts/SpecializationConstants.2pp.pdf
cs519v/index.html	a	href	http://cs.oregonstate.edu/~mjb/vulkan/Handouts/SpecializationConstants.4pp.pdf
cs519v/index.html	a	href	http://cs.oregonstate.edu/~mjb/vulkan/Handouts/SpecializationConstants.6pp.pdf
cs519v/index.html	a	href	http://cs.oregonstate.edu/~mjb/vulkan/Handouts/Synchronization.1pp.pdf
cs519v/index.html	a	href	http://cs.oregonstate.edu/~mjb/vulkan/Handouts/Synchronization.2pp.pdf
cs519v/index.html	a	href	http://cs.oregonstate.edu/~mjb/vulkan/Handouts/Synchronization.4pp.pdf
cs519v/index.html	a	href	http://cs.oregonstate.edu/~mjb/vulkan/Handouts/Synchronization.6pp.pdf
cs519v/index.html	a	href	http://cs.oregonstate.edu/~mjb/vulkan/Handouts/PipelineBarriers.1pp.pdf
cs519v/index.html	a	href	http://cs.oregonstate.edu/~mjb/vulkan/Handouts/PipelineBarriers.2pp.pdf
cs519v/index.html	a	href	http://cs.oregonstate.edu/~mjb/vulkan/Handouts/PipelineBarriers.4pp.pdf
cs519v/index.html	a	href	http://cs.oregonstate.edu/~mjb/vulkan/Handouts/PipelineBarriers.6pp.pdf
cs519v/index.html	a	href	http://cs.oregonstate.edu/~mjb/vulkan/Handouts/MultiSampling.1pp.pdf
cs519v/index.html	a	href	http://cs.oregonstate.edu/~mjb/vulkan/Handouts/MultiSampling.2pp.pdf
cs519v/index.html	a	href	http://cs.oregonstate.edu/~mjb/vulkan/Handouts/MultiSampling.4pp.pdf
cs519v/index.html	a	href	http://cs.oregonstate.edu/~mjb/vulkan/Handouts/MultiSampling.6pp.pdf
cs519v/index.html	a	href	http://cs.oregonstate.edu/~mjb/vulkan/Handouts/MultiPass.1pp.pdf
cs519v/index.html	a	href	http://cs.oregonstate.edu/~mjb/vulkan/Handouts/MultiPass.2pp.pdf
cs519v/index.html	a	href	http://cs.oregonstate.edu/~mjb/vulkan/Handouts/MultiPass.4pp.pdf
cs519v/index.html	a	href	http://cs.oregonstate.edu/~mjb/vulkan/Handouts/MultiPass.6pp.pdf
cs519v/index.html	a	href	http://cs.oregonstate.edu/~mjb/vulkan/Handouts/VulkanRayTracing.1pp.pdf
cs519v/index.html	a	href	http://cs.oregonstate.edu/~mjb/vulkan/Handouts/VulkanRayTracing.2pp.pdf
cs519v/index.html	a	href	http://cs.oregonstate.edu/~mjb/vulkan/Handouts/VulkanRayTracing.4pp.pdf
cs519v/index.html	a	href	http://cs.oregonstate.edu/~mjb/vulkan/Handouts/VulkanRayTracing.6pp.pdf
cs519v/index.html	a	href	http://cs.oregonstate.edu/~mjb/vulkan/Handouts/RayTriangleIntersection.1pp.pdf
cs519v/index.html	a	href	http://cs.oregonstate.edu/~mjb/vulkan/Handouts/RayTriangleIntersection.2pp.pdf
cs519v/index.html	a	href	http://cs.oregonstate.edu/~mjb/vulkan/Handouts/RayTriangleIntersection.4pp.pdf
cs519v/index.html	a	href	http://cs.oregonstate.edu/~mjb/vulkan/Handouts/RayTriangleIntersection.6pp.pdf
cs519v/index.html	a	href	http://cs.oregonstate.edu/~mjb/vulkan/Handouts/RayTracePipeline.1pp.pdf
cs519v/index.html	a	href	http://cs.oregonstate.edu/~mjb/vulkan/Handouts/RayTracePipeline.2pp.pdf
cs519v/index.html	a	href	http://cs.oregonstate.edu/~mjb/vulkan/Handouts/RayTracePipeline.4pp.pdf
cs519v/index.html	a	href	http://cs.oregonstate.edu/~mjb/vulkan/Handouts/RayTracePipeline.6pp.pdf
cs519v/index.html	a	href	http://cs.oregonstate.edu/~mjb/vulkan/Handouts/AccelerationStructures.1pp.pdf
cs519v/index.html	a	href	http://cs.oregonstate.edu/~mjb/vulkan/Handouts/AccelerationStructures.2pp.pdf
cs519v/index.html	a	href	http://cs.oregonstate.edu/~mjb/vulkan/Handouts/AccelerationStructures.4pp.pdf
cs519v/index.html	a	href	http://cs.oregonstate.edu/~mjb/vulkan/Handouts/AccelerationStructures.6pp.pdf
cs519v/index.html	a	href	http://cs.oregonstate.edu/~mjb/vulkan/Handouts/FiringRays.1pp.pdf
cs519v/index.html	a	href	http://cs.oregonstate.edu/~mjb/vulkan/Handouts/FiringRays.2pp.pdf
cs519v/index.html	a	href	http://cs.oregonstate.edu/~mjb/vulkan/Handouts/FiringRays.4pp.pdf
cs519v/index.html	a	href	http://cs.oregonstate.edu/~mjb/vulkan/Handouts/FiringRays.6pp.pdf
cs519v/index.html	a	href	http://cs.oregonstate.edu/~mjb/vulkan/Handouts/moreinfo.pdf
cs550/Projects/paperproject.html	a	href	https://web.engr.oregonstate.edu/~mjb/cs550/Projects/paperproject.html
cs550/Projects/planettextures.html	a	href	https://web.engr.oregonstate.edu/~mjb/cs550/Projects/planettextures.html
cs550/Projects/proj01.html	a	href	https://web.engr.oregonstate.edu/~mjb/cs550/Projects/proj01.html
cs550/Projects/proj02.html	a	href	https://web.engr.oregonstate.edu/~mjb/cs550/Projects/proj02.html
cs550/Projects/proj03.html	a	href	https://web.engr.oregonstate.edu/~mjb/cs550/Projects/proj03.html
cs550/Projects/proj04.html	a	href	https://web.engr.oregonstate.edu/~mjb/cs550/Projects/proj04.html
cs550/Projects/proj05.html	a	href	https://web.engr.oregonstate.edu/~mjb/cs550/Projects/proj05.html
cs550/Projects/proj06.html	a	href	https://web.engr.oregonstate.edu/~mjb/cs550/Projects/proj06.html
cs550/Projects/proj07.html	a	href	https://web.engr.oregonstate.edu/~mjb/cs550/Projects/proj07.html
cs550/Tests/test01.html	a	href	https://web.engr.oregonstate.edu/~mjb/cs550/Tests/test01.html
cs550/Tests/test02.html	a	href	https://web.engr.oregonstate.edu/~mjb/cs550/Tests/test02.html
cs550/calendar.html	a	href	https://web.engr.oregonstate.edu/~mjb/cs550/calendar.html
cs550/index.html	a	href	https://web.engr.oregonstate.edu/~mjb/cs550/index.html
cs550/index.html	a	href	http://cs.oregonstate.edu/~mjb/webgl
cs550/index.html	a	href	http://cs.oregonstate.edu/~mjb/vulkan
cs550/index.html	a	href	http://cs.oregonstate.edu/~mjb/vulkan
cs550/index.html	a	href	http://cs.oregonstate.edu/~mjb/chromadepth
cs550/index.html	a	href	http://cs.oregonstate.edu/~mjb/paraview
cs550/index.html	a	href	http://cs.oregonstate.edu/~mjb/webgl
cs550/index.html	a	href	http://cs.oregonstate.edu/~mjb/blender
cs550/index.html	a	href	http://cs.oregonstate.edu/~mjb/processing
cs550/index.html	a	href	http://cs.oregonstate.edu/~mjb/scratch
cs550/index.html	a	href	http://cs.oregonstate.edu/~mjb/sketchup
cs550/index.html	a	href	http://cs.oregonstate.edu/~mjb/tinkercad
cs550/index.html	a	href	http://cs.oregonstate.edu/~mjb/whirlwind
cs550/index.html	a	href	http://cs.oregonstate.edu/~mjb/cgeducation
cs550/lookingglassquilts.html	a	href	https://web.engr.oregonstate.edu/~mjb/cs550/lookingglassquilts.html
cs553/Projects/dataproject.html	a	href	https://web.engr.oregonstate.edu/~mjb/cs553/Projects/dataproject.html
cs553/Projects/proj01.html	a	href	https://web.engr.oregonstate.edu/~mjb/cs553/Projects/proj01.html
cs553/Projects/proj02.html	a	href	https://web.engr.oregonstate.edu/~mjb/cs553/Projects/proj02.html
cs553/Projects/proj03.html	a	href	https://web.engr.oregonstate.edu/~mjb/cs553/Projects/proj03.html
cs553/Projects/proj04.html	a	href	https://web.engr.oregonstate.edu/~mjb/cs553/Projects/proj04.html
cs553/Projects/proj05.html	a	href	https://web.engr.oregonstate.edu/~mjb/cs553/Projects/proj05.html
cs553/Projects/proj06.html	a	href	https://web.engr.oregonstate.edu/~mjb/cs553/Projects/proj06.html
cs553/Projects/proj07.html	a	href	https://web.engr.oregonstate.edu/~mjb/cs553/Projects/proj07.html
cs553/Projects/proj08.html	a	href	https://web.engr.oregonstate.edu/~mjb/cs553/Projects/proj08.html
cs553/Tests/test01.html	a	href	https://web.engr.oregonstate.edu/~mjb/cs553/Tests/test01.html
cs553/Tests/test02.html	a	href	https://web.engr.oregonstate.edu/~mjb/cs553/Tests/test02.html
cs553/calendar.html	a	href	https://web.engr.oregonstate.edu/~mjb/cs553/calendar.html
cs553/gettingglut.html	a	href	https://web.engr.oregonstate.edu/~mjb/cs553/gettingglut.html
cs553/index.html	a	href	https://web.engr.oregonstate.edu/~mjb/cs553/index.html
cs553/index.html	a	href	http://cs.oregonstate.edu/~mjb/paraview
cs553/index.html	a	href	http://cs.oregonstate.edu/~mjb/paraview
cs553/index.html	a	href	http://cs.oregonstate.edu/~mjb/paraview/
cs553/vhr.html	a	href	https://web.engr.oregonstate.edu/~mjb/cs553/vhr.html
cs557/Obj/index.html	a	href	https://web.engr.oregonstate.edu/~mjb/cs557/Obj/index.html
cs557/Projects/finalproject.html	a	href	https://web.engr.oregonstate.edu/~mjb/cs557/Projects/finalproject.html
cs557/Projects/paperproject.html	a	href	https://web.engr.oregonstate.edu/~mjb/cs557/Projects/paperproject.html
cs557/Projects/proj01.html	a	href	https://web.engr.oregonstate.edu/~mjb/cs557/Projects/proj01.html
cs557/Projects/proj02.html	a	href	https://web.engr.oregonstate.edu/~mjb/cs557/Projects/proj02.html
cs557/Projects/proj03A.html	a	href	https://web.engr.oregonstate.edu/~mjb/cs557/Projects/proj03A.html
cs557/Projects/proj03B.html	a	href	https://web.engr.oregonstate.edu/~mjb/cs557/Projects/proj03B.html
cs557/Projects/proj04.html	a	href	https://web.engr.oregonstate.edu/~mjb/cs557/Projects/proj04.html
cs557/Projects/proj05.html	a	href	https://web.engr.oregonstate.edu/~mjb/cs557/Projects/proj05.html
cs557/Projects/proj06.html	a	href	https://web.engr.oregonstate.edu/~mjb/cs557/Projects/proj06.html
cs557/Projects/proj07A.html	a	href	https://web.engr.oregonstate.edu/~mjb/cs557/Projects/proj07A.html
cs557/Projects/proj07A.html	a	href	http://cs.oregonstate.edu/~mjb/chromadepth
cs557/Projects/proj07B.html	a	href	https://web.engr.oregonstate.edu/~mjb/cs557/Projects/proj07B.html
cs557/Projects/proj07B.html	a	href	http://cs.oregonstate.edu/~mjb/chromadepth
cs557/Tests/test01.html	a	href	https://web.engr.oregonstate.edu/~mjb/cs557/Tests/test01.html
cs557/Tests/test02.html	a	href	https://web.engr.oregonstate.edu/~mjb/cs557/Tests/test02.html
cs557/calendar.html	a	href	https://web.engr.oregonstate.edu/~mjb/cs557/calendar.html
cs557/index.html	a	href	https://web.engr.oregonstate.edu/~mjb/cs557/index.html
cs557/index.html	a	href	http://cs.oregonstate.edu/~mjb/vulkan
cs557/index.html	a	href	http://cs.oregonstate.edu/~mjb/paraview
cs557/index.html	a	href	http://cs.oregonstate.edu/~mjb/scratch
cs557/index.html	a	href	http://cs.oregonstate.edu/~mjb/tinkercad
cs557/index.html	a	href	http://cs.oregonstate.edu/~mjb/blender
cs557/index.html	a	href	http://cs.oregonstate.edu/~mjb/processing
cs557/index.html	a	href	http://cs.oregonstate.edu/~mjb/sketchup
cs557/index.html	a	href	http://cs.oregonstate.edu/~mjb/webgl
cs575/Projects/paper.html	a	href	https://web.engr.oregonstate.edu/~mjb/cs575/Projects/paper.html
cs575/Projects/proj00.html	a	href	https://web.engr.oregonstate.edu/~mjb/cs575/Projects/proj00.html
cs575/Projects/proj01.html	a	href	https://web.engr.oregonstate.edu/~mjb/cs575/Projects/proj01.html
cs575/Projects/proj02.html	a	href	https://web.engr.oregonstate.edu/~mjb/cs575/Projects/proj02.html
cs575/Projects/proj03.html	a	href	https://web.engr.oregonstate.edu/~mjb/cs575/Projects/proj03.html
cs575/Projects/proj04.html	a	href	https://web.engr.oregonstate.edu/~mjb/cs575/Projects/proj04.html
cs575/Projects/proj05.html	a	href	https://web.engr.oregonstate.edu/~mjb/cs575/Projects/proj05.html
cs575/Projects/proj06.html	a	href	https://web.engr.oregonstate.edu/~mjb/cs575/Projects/proj06.html
cs575/Projects/proj07.html	a	href	https://web.engr.oregonstate.edu/~mjb/cs575/Projects/proj07.html
cs575/Tests/test01.html	a	href	https://web.engr.oregonstate.edu/~mjb/cs575/Tests/test01.html
cs575/Tests/test02.html	a	href	https://web.engr.oregonstate.edu/~mjb/cs575/Tests/test02.html
cs575/calendar.html	a	href	https://web.engr.oregonstate.edu/~mjb/cs575/calendar.html
cs575/handouts.html	a	href	https://web.engr.oregonstate.edu/~mjb/cs575/handouts.html
cs575/handouts.html	a	href	http://cs.oregonstate.edu/~mjb/vulkan
cs575/handouts.html	a	href	http://cs.oregonstate.edu/~mjb/scratch
cs575/handouts.html	a	href	http://cs.oregonstate.edu/~mjb/sketchup
cs575/handouts.html	a	href	http://cs.oregonstate.edu/~mjb/blender
cs575/handouts.html	a	href	http://cs.oregonstate.edu/~mjb/tinkercad
cs575/handouts.html	a	href	http://cs.oregonstate.edu/~mjb/processing
cs575/index.html	a	href	https://web.engr.oregonstate.edu/~mjb/cs575/index.html
cs575/index.html	a	href	http://cs.oregonstate.edu/~mjb/cs575c/OpenclFiles/PrintInfo.exe
cs575/index.html	a	href	http://cs.oregonstate.edu/~mjb/cs575c/OpenclFiles/printinfo.cl
cs575/index.html	a	href	http://cs.oregonstate.edu/~mjb/cs575c/OpenclFiles/printinfo.cpp
cs575/index.html	a	href	http://cs.oregonstate.edu/~mjb/cs575c/OpenclFiles/printinfo.cl
cs575/index.html	a	href	http://cs.oregonstate.edu/~mjb/cs575c/OpenclFiles/printinfo
cs575/index.html	a	href	http://cs.oregonstate.edu/~mjb/cs575c/OpenclFiles/printinfo.cl
cs575/index.html	a	href	http://cs.oregonstate.edu/~mjb/cs575c/errorcodes.cpp
cs575/index.html	a	href	http://cs.oregonstate.edu/~mjb/paraview
cs575/index.html	a	href	http://cs.oregonstate.edu/~mjb/vulkan
cs575/index.html	a	href	http://cs.oregonstate.edu/~mjb/blender
cs575/index.html	a	href	http://cs.oregonstate.edu/~mjb/processing
cs575/index.html	a	href	http://cs.oregonstate.edu/~mjb/scratch
cs575/index.html	a	href	http://cs.oregonstate.edu/~mjb/sketchup
cs575/index.html	a	href	http://cs.oregonstate.edu/~mjb/tinkercad
cs575/myresumeadvice.html	a	href	https://web.engr.oregonstate.edu/~mjb/cs575/myresumeadvice.html
index.html	a	href	https://web.engr.oregonstate.edu/~mjb/
index.html	a	href	https://web.engr.oregonstate.edu/~mjb/cs491/
index.html	a	href	https://web.engr.oregonstate.edu/~mjb/cs575/
index.html	a	href	https://web.engr.oregonstate.edu/~mjb/cs557/
index.html	a	href	https://web.engr.oregonstate.edu/~mjb/cs553/
index.html	a	href	https://web.engr.oregonstate.edu/~mjb/cs519v/
index.html	a	href	https://web.engr.oregonstate.edu/~mjb/cs550/
index.html	a	href	http://cs.oregonstate.edu/~mjb/chromadepth
index.html	a	href	http://cs.oregonstate.edu/~mjb/paraview
index.html	a	href	http://cs.oregonstate.edu/~mjb/vulkan
index.html	a	href	http://cs.oregonstate.edu/~mjb/whirlwind
index.html	a	href	http://cs.oregonstate.edu/~mjb/blender
index.html	a	href	http://cs.oregonstate.edu/~mjb/processing
index.html	a	href	http://cs.oregonstate.edu/~mjb/sketchup
index.html	a	href	http://cs.oregonstate.edu/~mjb/scratch
index.html	a	href	http://cs.oregonstate.edu/~mjb/tinkercad
