WebMjb/mjb.html	a	href	http://eecs.oregonstate.edu
WebMjb/mjb.html	a	href	http://oregonstate.edu
blender/index.html	a	href	https://www.blender.org/features/
blender/index.html	a	href	https://blender.org/download
blender/index.html	a	href	https://stemacademy.oregonstate.edu/high-school-summer-camps
blender/index.html	a	href	https://www.blender.org/download/
blender/index.html	a	href	https://www.amazon.com/AmazonBasics-3-Button-Wired-Computer-1-Pack/dp/B005EJH6RW/ref=sr_1_3?crid=367FB1R9PHZLQ&dib=eyJ2IjoiMSJ9.69c7t-xunLbMwnd1NLZibLobbW8zdcjIn9J5EWIyxb5RpME8qK_53uAt2rvQ9fqaF5vNZaDdiKAmzTgKu2J06UfWpk0rt03RPPUofjxP95MMrRkZbq_rY8Ax-Ts2r_LYr79jogtn2rZ8KgriQ3oZnuXHBkFx6az4HOuMS7laGyKDlQ7hG3Mb44HJFwOSZuKrD2EC1wUs-913hvTU4D_Ybmgj8vN-DwzNP1YMGeKesvSoLIOW3LsG4NwCEdbb4TzRI1v1fjNyuz3mP8TgKvT67FQyChJ8dl_Yi7T3Dr4COZg.eTv0iDyiSH-D_6CXv1vs6nPSOzk26IotOWn3vLiRVg4&dib_tag=se&keywords=3%2Bbutton%2Bmouse%2BUSB&qid=1750629781&s=electronics&sprefix=3%2Bbutton%2Bmouse%2Busb%2Celectronics%2C167&sr=1-3&th=1
blender/index.html	a	href	https://www.amazon.com/AmazonBasics-Wireless-Computer-Mouse-Receiver-dp-B005EJH6Z4/dp/B005EJH6Z4/ref=dp_ob_title_ce?th=1
blender/index.html	a	href	https://nasa3d.arc.nasa.gov/images
blender/index.html	a	href	https://www.solarsystemscope.com/textures/
blender/index.html	a	href	https://svs.gsfc.nasa.gov/4720
blender/index.html	a	href	http://www.blender.org/
blender/index.html	a	href	http://www.blenderguru.com/
blender/index.html	a	href	https://www.blender.org/support/tutorials/
blender/index.html	a	href	http://turbosquid.com/
blender/index.html	a	href	http://free3d.com/
cs491/Projects/proj01.html	a	href	http://engr.oregonstate.edu/teach
cs491/Projects/proj03.html	a	href	http://engr.oregonstate.edu/teach
cs491/Projects/proj04.html	a	href	http://engr.oregonstate.edu/teach
cs491/Projects/proj05.html	a	href	http://engr.oregonstate.edu/teach
cs491/Projects/proj06.html	a	href	http://freeglut.sourceforge.net/docs/api.php
cs491/Projects/proj06.html	a	href	http://engr.oregonstate.edu/teach
cs491/Projects/proj07.html	a	href	http://engr.oregonstate.edu/teach
cs491/Tests/test01.html	a	href	https://beav.es/codeofconduct
cs491/Tests/test02.html	a	href	https://beav.es/codeofconduct
cs491/index.html	a	href	https://oregonstate.qualtrics.com/jfe/form/SV_bDYsbUqXDXGw0YK
cs491/index.html	a	href	https://oregonstate.zoom.us/j/8340727662?pwd=b01tZ0hJUzdHNUtrdTRqSkdwbG4zdz09
cs491/index.html	a	href	https://oregonstate.zoom.us/j/8340727662?pwd=b01tZ0hJUzdHNUtrdTRqSkdwbG4zdz09
cs491/index.html	a	href	https://media.oregonstate.edu/media/t/1_9wq4nahe
cs491/index.html	a	href	https://us.motorsport.com/nascar-cup/news/ross-chastain-wall-riding-playoffs-hamlin-martinsville/10393087/
cs491/index.html	a	href	https://www.neatorama.com/2022/05/01/Beware-the-Giant-Bulge-in-the-Road/
cs491/index.html	a	href	https://www.youtube.com/watch?v=L1dxFaWxWd0
cs491/index.html	a	href	https://apps.ideal-logic.com/osusli?key=F3T9-25VWY_5878-CZ4R_ac1fd82b
cs491/index.html	a	href	https://discord.gg/6MtNcvJ
cs491/index.html	a	href	https://www.gameindustrycareerguide.com/
cs491/index.html	a	href	https://eecs.oregonstate.edu/industry-relations/recruit-students/september_netnight/student-faqs
cs491/index.html	a	href	https://career.oregonstate.edu/handshake
cs491/index.html	a	href	http://career.oregonstate.edu/
cs491/index.html	a	href	https://www.amazon.com/Programming-Interviews-Exposed-Through-Interview/dp/111941847X/ref=sr_1_3?dchild=1&keywords=Programming+Interviews+Exposed%3A&qid=1629128431&s=books&sr=1-3
cs491/index.html	a	href	https://onlinelibrary-wiley-com.oregonstate.idm.oclc.org/doi/book/10.1002/9781119418504
cs491/index.html	a	href	https://azureforeducation.microsoft.com/devtools
cs491/index.html	a	href	https://oregonstate.zoom.us/j/8340727662?pwd=b01tZ0hJUzdHNUtrdTRqSkdwbG4zdz09
cs491/index.html	a	href	https://oregonstate.zoom.us/j/8019163395?pwd=NHYwalpPZGZMVW84ZEVrSGR2bFgyZz09
cs491/index.html	a	href	https://oregonstate.zoom.us/j/8340727662?pwd=b01tZ0hJUzdHNUtrdTRqSkdwbG4zdz09
cs491/index.html	a	href	https://oregonstate.zoom.us/j/8019163395?pwd=NHYwalpPZGZMVW84ZEVrSGR2bFgyZz09
cs491/index.html	a	href	https://oregonstate.zoom.us/j/8019163395?pwd=NHYwalpPZGZMVW84ZEVrSGR2bFgyZz09
cs491/index.html	a	href	https://oregonstate.zoom.us/j/8340727662?pwd=b01tZ0hJUzdHNUtrdTRqSkdwbG4zdz09
cs491/index.html	a	href	https://oregonstate.zoom.us/j/8340727662?pwd=b01tZ0hJUzdHNUtrdTRqSkdwbG4zdz09
cs491/index.html	a	href	https://oregonstate.zoom.us/j/8019163395?pwd=NHYwalpPZGZMVW84ZEVrSGR2bFgyZz09
cs491/index.html	a	href	https://oregonstate.zoom.us/j/8019163395?pwd=NHYwalpPZGZMVW84ZEVrSGR2bFgyZz09
cs491/index.html	a	href	https://oregonstate.zoom.us/j/8340727662?pwd=b01tZ0hJUzdHNUtrdTRqSkdwbG4zdz09
cs491/index.html	a	href	https://oregonstate.zoom.us/j/8340727662?pwd=b01tZ0hJUzdHNUtrdTRqSkdwbG4zdz09
cs491/index.html	a	href	https://oregonstate.zoom.us/j/8340727662?pwd=b01tZ0hJUzdHNUtrdTRqSkdwbG4zdz09
cs491/index.html	a	href	https://oregonstate.zoom.us/j/8340727662?pwd=b01tZ0hJUzdHNUtrdTRqSkdwbG4zdz09
cs491/index.html	a	href	https://oregonstate.zoom.us/j/8019163395?pwd=NHYwalpPZGZMVW84ZEVrSGR2bFgyZz09
cs491/index.html	a	href	https://oregonstate.zoom.us/j/8019163395?pwd=NHYwalpPZGZMVW84ZEVrSGR2bFgyZz09
cs491/index.html	a	href	https://oregonstate.zoom.us/j/8019163395?pwd=NHYwalpPZGZMVW84ZEVrSGR2bFgyZz09
cs491/index.html	a	href	https://oregonstate.zoom.us/j/8019163395?pwd=NHYwalpPZGZMVW84ZEVrSGR2bFgyZz09
cs491/index.html	a	href	https://oregonstate.zoom.us/j/8019163395?pwd=NHYwalpPZGZMVW84ZEVrSGR2bFgyZz09
cs491/index.html	a	href	https://oregonstate.zoom.us/j/8019163395?pwd=NHYwalpPZGZMVW84ZEVrSGR2bFgyZz09
cs491/index.html	a	href	https://oregonstate.zoom.us/j/8340727662?pwd=b01tZ0hJUzdHNUtrdTRqSkdwbG4zdz09
cs491/index.html	a	href	https://oregonstate.zoom.us/j/8340727662?pwd=b01tZ0hJUzdHNUtrdTRqSkdwbG4zdz09
cs491/index.html	a	href	https://open.oregonstate.edu/about/affordability-matters-badge.htm
cs491/index.html	a	href	https://media.oregonstate.edu/media/t/1_64tlsi6e
cs491/index.html	a	href	https://media.oregonstate.edu/media/t/1_mj9dn7ut
cs491/index.html	a	href	https://media.oregonstate.edu/media/t/1_x5qkn6mi
cs491/index.html	a	href	https://media.oregonstate.edu/media/t/1_4tkknnh8
cs491/index.html	a	href	https://media.oregonstate.edu/media/t/1_o8bsp0yk
cs491/index.html	a	href	https://media.oregonstate.edu/media/t/1_3n7rjyyx
cs491/index.html	a	href	https://media.oregonstate.edu/media/t/1_pnbmokzy
cs491/index.html	a	href	https://media.oregonstate.edu/media/t/1_5adatob0
cs491/index.html	a	href	https://media.oregonstate.edu/media/t/1_1i9er2qj
cs491/index.html	a	href	https://media.oregonstate.edu/media/t/1_lasmejrt
cs491/index.html	a	href	https://media.oregonstate.edu/media/t/1_wz91jkxc
cs491/index.html	a	href	https://media.oregonstate.edu/media/t/1_cvlf35y4
cs491/index.html	a	href	https://media.oregonstate.edu/media/t/1_ywc9t946
cs491/index.html	a	href	https://media.oregonstate.edu/media/t/1_hxh8d8r6
cs491/index.html	a	href	https://media.oregonstate.edu/media/t/1_kltbpyvv
cs491/index.html	a	href	https://media.oregonstate.edu/media/t/1_qccrkqh3
cs491/index.html	a	href	https://media.oregonstate.edu/media/t/1_kr8eas9o
cs491/index.html	a	href	https://media.oregonstate.edu/media/t/1_fjizfe8l
cs491/index.html	a	href	https://media.oregonstate.edu/media/t/1_zc0dfygb
cs491/index.html	a	href	https://media.oregonstate.edu/media/t/1_5rwy5aht
cs491/index.html	a	href	https://media.oregonstate.edu/media/t/1_dbuokdxi
cs491/index.html	a	href	https://media.oregonstate.edu/media/t/1_ewmlkfdq
cs491/index.html	a	href	https://media.oregonstate.edu/media/t/1_b3zzxjc0
cs491/index.html	a	href	https://media.oregonstate.edu/media/t/1_iwxplhwr
cs491/index.html	a	href	https://media.oregonstate.edu/media/t/1_obry94nb
cs491/index.html	a	href	https://media.oregonstate.edu/media/t/1_gh3wlfe7
cs491/index.html	a	href	https://media.oregonstate.edu/media/t/1_dkrr3cje
cs491/index.html	a	href	https://media.oregonstate.edu/media/t/1_14j2pgd4
cs491/index.html	a	href	https://media.oregonstate.edu/media/t/1_qgwj5al7
cs491/index.html	a	href	https://oregonstate.zoom.us/j/8340727662?pwd=b01tZ0hJUzdHNUtrdTRqSkdwbG4zdz09
cs491/index.html	a	href	https://www.kerbalspaceprogram.com/
cs491/index.html	a	href	https://media.oregonstate.edu/media/t/1_ygolvs6x
cs491/index.html	a	href	https://media.oregonstate.edu/media/t/1_yx8rr7m3
cs491/index.html	a	href	https://media.oregonstate.edu/media/t/1_6yiywcoj
cs491/index.html	a	href	https://media.oregonstate.edu/media/t/1_psbtmwfd
cs491/index.html	a	href	https://media.oregonstate.edu/media/t/1_5wbsr1xn
cs491/index.html	a	href	https://media.oregonstate.edu/media/t/1_cbqun5tu
cs491/index.html	a	href	https://media.oregonstate.edu/media/t/1_xe3xuutg
cs491/index.html	a	href	https://www.youtube.com/watch?v=eJLsr3boqWY
cs491/index.html	a	href	http://www.youtube.com/embed/XlyCLbt3Thk?rel=0
cs491/index.html	a	href	https://www.youtube.com/watch?v=IvUU8joBb1Q
cs491/index.html	a	href	http://www.youtube.com/watch?v=Qe9qSLYK5q4
cs491/index.html	a	href	https://www.novaskystories.com/
cs491/index.html	a	href	http://www.youtube.com/watch?v=OuA-znVMY3I
cs491/index.html	a	href	http://dsc.discovery.com/tv-shows/mythbusters/videos/newtons-crane-cradle.htm
cs491/index.html	a	href	http://www.buzzfeed.com/koolnewsblog/cats-for-the-love-of-physics-1dgl
cs491/index.html	a	href	https://www.youtube.com/watch?v=y8mzDvpKzfY
cs491/index.html	a	href	http://teach.engr.oregonstate.edu
cs491/index.html	a	href	https://teach.engr.oregonstate.edu
cs491/index.html	a	href	https://beav.es/codeofconduct
cs491/index.html	a	href	http://ds.oregonstate.edu
cs491/index.html	a	href	http://oregonstate.edu/ReachOut
cs491/index.html	a	href	http://www.gamedev.net
cs491/index.html	a	href	http://www.gamasutra.com
cs491/index.html	a	href	http://www.zynga.com
cs491/index.html	a	href	http://www.pipeworks.com
cs491/index.html	a	href	http://sol.gfxile.net/interpolation/
cs491/index.html	a	href	http://www.gdconf.com
cs491/index.html	a	href	http://www.e3expo.com
cs491/index.html	a	href	http://prime.paxsite.com/
cs491/index.html	a	href	http://www.siggraph.org
cs491/index.html	a	href	http://www.opengl.org
cs491/index.html	a	href	http://www.opengl.org/documentation/specs
cs491/index.html	a	href	http://www.opengl.org/sdk/docs/man
cs491/index.html	a	href	http://www.opengl.org/sdk
cs491/index.html	a	href	http://www.lighthouse3d.com/opengl/tutorials.shtml
cs491/index.html	a	href	https://www.opengl.org/resources/libraries/glut/spec3/spec3.html
cs491/index.html	a	href	https://www.opengl.org/resources/libraries/glut/glut-3.spec.pdf
cs491/index.html	a	href	http://www.cs.unc.edu/~rademach/glui/src/release/glui_manual_v2_beta.pdf
cs491/index.html	a	href	http://www.cs.unc.edu/~rademach/glui
cs491/index.html	a	href	http://glui.sourceforge.net
cs491/index.html	a	href	http://www.slate.com/blogs/bad_astronomy/2008/03/23/i_will_never_watch_the_simpsons_again.html
cs519v/Projects/proj01.html	a	href	http://teach.engr.oregonstate.edu
cs519v/Projects/proj02.html	a	href	http://teach.engr.oregonstate.edu
cs519v/Projects/proj03.html	a	href	http://teach.engr.oregonstate.edu
cs519v/Projects/proj04.html	a	href	http://teach.engr.oregonstate.edu
cs519v/Projects/proj05.html	a	href	http://teach.engr.oregonstate.edu
cs519v/index.html	a	href	https://covid.oregonstate.edu/
cs519v/index.html	a	href	https://vulkan.org/events/vulkanised-2023?mc_cid=b0c0d9654e&mc_eid=e1d5727df0
cs519v/index.html	a	href	https://oregonstate.qualtrics.com/jfe/form/SV_8iX3WdHAPpGV6YK
cs519v/index.html	a	href	https://prodapps.isadm.oregonstate.edu/BannerExtensibility/customPage/page/studentLearningSurvey
cs519v/index.html	a	href	https://oregonstate.zoom.us/j/8340727662?pwd=b01tZ0hJUzdHNUtrdTRqSkdwbG4zdz09
cs519v/index.html	a	href	https://acubed.airbus.com/careers/
cs519v/index.html	a	href	https://vulkan.lunarg.com/
cs519v/index.html	a	href	https://sketchfab.com/nebulousflynn/collections/cc0
cs519v/index.html	a	href	https://career.oregonstate.edu/handshake
cs519v/index.html	a	href	http://career.oregonstate.edu/
cs519v/index.html	a	href	https://www.amazon.com/Programming-Interviews-Exposed-Through-Interview/dp/111941847X/ref=sr_1_3?dchild=1&keywords=Programming+Interviews+Exposed%3A&qid=1629128431&s=books&sr=1-3
cs519v/index.html	a	href	https://onlinelibrary-wiley-com.oregonstate.idm.oclc.org/doi/book/10.1002/9781119418504
cs519v/index.html	a	href	http://eecs.oregonstate.edu/industry-events-students
cs519v/index.html	a	href	https://3dtextures.me/
cs519v/index.html	a	href	http://www.greentoken.de/onlineconv/
cs519v/index.html	a	href	https://www.khronos.org/files/vulkan11-reference-guide.pdf
cs519v/index.html	a	href	https://renderdoc.org/vulkan-in-30-minutes.html
cs519v/index.html	a	href	https://registry.khronos.org/vulkan/specs/1.3-extensions/pdf/vkspec.pdf
cs519v/index.html	a	href	https://oregonstate.zoom.us/j/8340727662?pwd=b01tZ0hJUzdHNUtrdTRqSkdwbG4zdz09
cs519v/index.html	a	href	https://oregonstate.zoom.us/j/8340727662?pwd=b01tZ0hJUzdHNUtrdTRqSkdwbG4zdz09
cs519v/index.html	a	href	https://oregonstate.zoom.us/j/8340727662?pwd=b01tZ0hJUzdHNUtrdTRqSkdwbG4zdz09
cs519v/index.html	a	href	https://oregonstate.zoom.us/j/8340727662?pwd=b01tZ0hJUzdHNUtrdTRqSkdwbG4zdz09
cs519v/index.html	a	href	https://oregonstate.zoom.us/j/8340727662?pwd=b01tZ0hJUzdHNUtrdTRqSkdwbG4zdz09
cs519v/index.html	a	href	https://www.amazon.com/Vulkan-Programming-Guide-Official-Learning/dp/0134464540/ref=sr_1_3?s=books&ie=UTF8&qid=1512333751&sr=1-3&keywords=vulkan
cs519v/index.html	a	href	https://media.oregonstate.edu/media/t/1_9ye5rvgs
cs519v/index.html	a	href	https://media.oregonstate.edu/media/t/1_d54i2tv4
cs519v/index.html	a	href	https://media.oregonstate.edu/media/t/1_3zh4ndc1
cs519v/index.html	a	href	https://media.oregonstate.edu/media/t/1_3l2x5hdq
cs519v/index.html	a	href	https://media.oregonstate.edu/media/t/1_2f5q27nj
cs519v/index.html	a	href	https://media.oregonstate.edu/media/t/1_4a4y1jgu
cs519v/index.html	a	href	https://media.oregonstate.edu/media/t/1_0up2olv8
cs519v/index.html	a	href	https://media.oregonstate.edu/media/t/1_7cm8wyqk
cs519v/index.html	a	href	https://media.oregonstate.edu/media/t/1_nf427686
cs519v/index.html	a	href	https://media.oregonstate.edu/media/t/1_9khjeizj
cs519v/index.html	a	href	https://media.oregonstate.edu/media/t/1_1qwhtvjc
cs519v/index.html	a	href	https://media.oregonstate.edu/media/t/1_li0tozem
cs519v/index.html	a	href	https://media.oregonstate.edu/media/t/1_qkclq1fg
cs519v/index.html	a	href	https://media.oregonstate.edu/media/t/1_wpni88up
cs519v/index.html	a	href	https://media.oregonstate.edu/media/t/1_jdya6xbk
cs519v/index.html	a	href	https://media.oregonstate.edu/media/t/1_xipx45up
cs519v/index.html	a	href	https://media.oregonstate.edu/media/t/1_x8wtsdwb
cs519v/index.html	a	href	https://media.oregonstate.edu/media/t/1_0hb982ti
cs519v/index.html	a	href	https://media.oregonstate.edu/media/t/1_i7oqdjio
cs519v/index.html	a	href	https://media.oregonstate.edu/media/t/1_jaxpd360
cs519v/index.html	a	href	https://media.oregonstate.edu/media/t/1_08dtuyqy
cs519v/index.html	a	href	https://media.oregonstate.edu/media/t/1_dt9p0cpu
cs519v/index.html	a	href	https://media.oregonstate.edu/media/t/1_iln525wk
cs519v/index.html	a	href	https://media.oregonstate.edu/media/t/1_3f9gls27
cs519v/index.html	a	href	https://media.oregonstate.edu/media/t/1_eb4a4e6h
cs519v/index.html	a	href	https://media.oregonstate.edu/media/t/1_zkcpwyct
cs519v/index.html	a	href	https://media.oregonstate.edu/media/t/1_ubownw4e
cs519v/index.html	a	href	https://media.oregonstate.edu/media/t/1_mecka32p
cs519v/index.html	a	href	https://media.oregonstate.edu/media/t/1_2504nx2g
cs519v/index.html	a	href	https://media.oregonstate.edu/media/t/1_7leut69w
cs519v/index.html	a	href	https://media.oregonstate.edu/media/t/1_ejypbfr6
cs519v/index.html	a	href	https://media.oregonstate.edu/media/t/1_ksrp41m8
cs519v/index.html	a	href	https://www.youtube.com/watch?v=QL7sXc2iNJ8"
cs519v/index.html	a	href	https://media.oregonstate.edu/media/t/1_jzqsorus
cs519v/index.html	a	href	https://media.oregonstate.edu/media/t/1_ctgt7t06
cs519v/index.html	a	href	https://media.oregonstate.edu/media/t/1_d0r53wr3
cs519v/index.html	a	href	https://media.oregonstate.edu/media/t/1_assv1rvg
cs519v/index.html	a	href	https://media.oregonstate.edu/media/t/1_m4nzo98k
cs519v/index.html	a	href	http://teach.engr.oregonstate.edu
cs519v/index.html	a	href	http://beav.es/anytimeanywhere
cs519v/index.html	a	href	https://studentlife.oregonstate.edu/studentconduct/
cs519v/index.html	a	href	https://beav.es/codeofconduct
cs519v/index.html	a	href	http://ds.oregonstate.edu
cs519v/index.html	a	href	https://asosu.oregonstate.edu/advocacy/rights
cs519v/index.html	a	href	http://oregonstate.edu/ReachOut
cs519v/index.html	a	href	https://studentlife.oregonstate.edu/bnc
cs519v/index.html	a	href	https://www.khronos.org/vulkan/
cs519v/index.html	a	href	https://developer.nvidia.com/vulkan-android#samples
cs519v/index.html	a	href	http://www.opengl.org
cs519v/index.html	a	href	http://openglbook.com/
cs519v/index.html	a	href	http://www.cs.rutgers.edu/~decarlo/428/glman.html
cs519v/index.html	a	href	http://www.glfw.org
cs519v/index.html	a	href	http://www.siggraph.org
cs519v/index.html	a	href	https://liinwww.ira.uka.de/bibliography/Graphics/siggraph/index.html
cs519v/index.html	a	href	http://www.turbosquid.com/Search/3D-Models/free/obj
cs519v/index.html	a	href	http://free3d.com
cs519v/index.html	a	href	http://lodbook.com/models
cs519v/index.html	a	href	http://people.sc.fsu.edu/~jburkardt/data/data.html
cs519v/index.html	a	href	http://www.chromesphere.com/3dmodels.html
cs519v/index.html	a	href	http://www.digimation.com
cs550/Projects/planettextures.html	a	href	https://nasa3d.arc.nasa.gov/images
cs550/Projects/proj01.html	a	href	https://media.oregonstate.edu/
cs550/Projects/proj02.html	a	href	https://media.oregonstate.edu/
cs550/Projects/proj02.html	a	href	https://free3d.com
cs550/Projects/proj03.html	a	href	http://www.turbosquid.com/Search/3D-Models/free/obj
cs550/Projects/proj03.html	a	href	https://free3d.com/3d-models/
cs550/Projects/proj03.html	a	href	https://sketchfab.com/features/free-3d-models
cs550/Projects/proj03.html	a	href	https://media.oregonstate.edu/
cs550/Projects/proj04.html	a	href	https://media.oregonstate.edu/
cs550/Projects/proj05.html	a	href	https://media.oregonstate.edu/
cs550/Projects/proj06.html	a	href	https://media.oregonstate.edu/
cs550/Projects/proj07.html	a	href	https://media.oregonstate.edu/
cs550/Tests/test01.html	a	href	https://beav.es/codeofconduct
cs550/Tests/test02.html	a	href	https://beav.es/codeofconduct
cs550/index.html	a	href	https://oregonstate.zoom.us/j/8340727662?pwd=b01tZ0hJUzdHNUtrdTRqSkdwbG4zdz09
cs550/index.html	a	href	https://registrar.oregonstate.edu/osu-academic-calendar
cs550/index.html	a	href	https://www.youtube.com/watch?v=-L8OFMTteOo
cs550/index.html	a	href	https://mailchi.mp/pigsquad/yearendevent25?e=d3ec07cf5d
cs550/index.html	a	href	https://leadership.oregonstate.edu/free-expression-academic-freedom
cs550/index.html	a	href	https://groups.engr.oregonstate.edu/3dpc/home
cs550/index.html	a	href	http://media.oregonstate.edu
cs550/index.html	a	href	https://www.khronos.org/opengl/wiki/Common_Mistakes
cs550/index.html	a	href	https://azureforeducation.microsoft.com/devtools
cs550/index.html	a	href	https://it.engineering.oregonstate.edu/microsoft-azure-dev-tools
cs550/index.html	a	href	http://www.greentoken.de/onlineconv/
cs550/index.html	a	href	https://www.youtube.com/watch?v=hJnAHzo4-KI
cs550/index.html	a	href	https://www.youtube.com/watch?v=vkcENinRJ-g
cs550/index.html	a	href	https://www.youtube.com/watch?v=Arkl20EhF9A&t=2s
cs550/index.html	a	href	https://www.youtube.com/watch?v=FdL2GorGdKc
cs550/index.html	a	href	https://www.youtube.com/watch?v=GGBgf8dcgyY
cs550/index.html	a	href	https://www.youtube.com/watch?v=QKYFfYLe5rs
cs550/index.html	a	href	https://int.nyt.com/data/videotape/finished/2020/09/1600886110/amaro-cov-atoms-900w.mp4
cs550/index.html	a	href	https://vimeo.com/479844049
cs550/index.html	a	href	https://www.youtube.com/watch?v=X0LfmciHtro
cs550/index.html	a	href	https://youtu.be/dbq9uX_MycY?si=nnCo9hEo3xxhGWF8
cs550/index.html	a	href	https://youtu.be/Ir8oft_qAMQ?si=pIyTYOpteKvFpEWJ
cs550/index.html	a	href	https://engineering.oregonstate.edu/EECS/MyEECS/engineering-your-future
cs550/index.html	a	href	https://engineering.oregonstate.edu/EECS/myeecs/eecs-student-portal/career-networking-events-calendar
cs550/index.html	a	href	https://career.oregonstate.edu/find-jobs-internships/handshake-job-tool
cs550/index.html	a	href	http://career.oregonstate.edu/
cs550/index.html	a	href	https://www.amazon.com/Programming-Interviews-Exposed-Through-Interview/dp/111941847X/ref=sr_1_3?dchild=1&keywords=Programming+Interviews+Exposed%3A&qid=1629128431&s=books&sr=1-3
cs550/index.html	a	href	https://onlinelibrary-wiley-com.oregonstate.idm.oclc.org/doi/book/10.1002/9781119418504
cs550/index.html	a	href	https://open.oregonstate.edu/about/affordability-matters-badge.htm
cs550/index.html	a	href	https://media.oregonstate.edu/media/t/1_g4e066sl
cs550/index.html	a	href	https://media.oregonstate.edu/media/t/1_7dqp5jnv
cs550/index.html	a	href	https://media.oregonstate.edu/media/t/1_4p0pfdqh
cs550/index.html	a	href	https://media.oregonstate.edu/media/t/1_6kfb90c8
cs550/index.html	a	href	https://media.oregonstate.edu/media/t/1_qc6f0onj
cs550/index.html	a	href	https://media.oregonstate.edu/media/t/1_4snb615t
cs550/index.html	a	href	https://media.oregonstate.edu/media/t/1_c1ecl97t
cs550/index.html	a	href	https://media.oregonstate.edu/media/t/1_8dvhum1t
cs550/index.html	a	href	https://media.oregonstate.edu/media/t/1_uvsn0s62
cs550/index.html	a	href	https://media.oregonstate.edu/media/t/1_w3o7cu0g
cs550/index.html	a	href	https://media.oregonstate.edu/media/t/1_ccyp1i9g
cs550/index.html	a	href	https://media.oregonstate.edu/media/t/1_h5vmku6z
cs550/index.html	a	href	https://media.oregonstate.edu/media/t/1_qrv84a0y
cs550/index.html	a	href	https://media.oregonstate.edu/media/t/1_3vzu1byh
cs550/index.html	a	href	https://media.oregonstate.edu/media/t/1_zul6nwec
cs550/index.html	a	href	https://media.oregonstate.edu/media/t/1_7nu3vbtp
cs550/index.html	a	href	https://media.oregonstate.edu/media/t/1_fs6bcyl5
cs550/index.html	a	href	https://media.oregonstate.edu/media/t/1_eumriyrl
cs550/index.html	a	href	https://media.oregonstate.edu/media/t/1_ayem3map
cs550/index.html	a	href	https://media.oregonstate.edu/media/t/1_jnucicjm
cs550/index.html	a	href	https://media.oregonstate.edu/media/t/1_renc61r4
cs550/index.html	a	href	https://media.oregonstate.edu/media/t/1_so9kgfya
cs550/index.html	a	href	https://media.oregonstate.edu/media/t/1_ujsxd1cu
cs550/index.html	a	href	https://media.oregonstate.edu/media/t/1_ndg53hh6
cs550/index.html	a	href	https://media.oregonstate.edu/media/t/1_jig6ke2p
cs550/index.html	a	href	https://media.oregonstate.edu/media/t/1_78a0mib3
cs550/index.html	a	href	https://media.oregonstate.edu/media/t/1_3bf1li86
cs550/index.html	a	href	https://media.oregonstate.edu/media/t/1_te77z9u7
cs550/index.html	a	href	https://media.oregonstate.edu/media/t/1_lmeumtbj
cs550/index.html	a	href	https://media.oregonstate.edu/media/t/1_t03zmmmi
cs550/index.html	a	href	https://media.oregonstate.edu/media/t/1_t5cnfz07
cs550/index.html	a	href	https://media.oregonstate.edu/media/t/1_204mx14b
cs550/index.html	a	href	https://media.oregonstate.edu/media/t/1_m52fkg19
cs550/index.html	a	href	https://media.oregonstate.edu/media/t/1_s11bl57n
cs550/index.html	a	href	https://media.oregonstate.edu/media/t/1_vb7puv3k
cs550/index.html	a	href	https://media.oregonstate.edu/media/t/1_mtmkphj7
cs550/index.html	a	href	https://media.oregonstate.edu/media/t/1_zudz9hdp
cs550/index.html	a	href	https://media.oregonstate.edu/media/t/1_vfcgbvjy
cs550/index.html	a	href	https://media.oregonstate.edu/media/t/1_hokhaoi0
cs550/index.html	a	href	https://media.oregonstate.edu/media/t/1_p8i85d4x
cs550/index.html	a	href	https://media.oregonstate.edu/media/t/1_kij2wwvk
cs550/index.html	a	href	https://media.oregonstate.edu/media/t/1_667sk3zp
cs550/index.html	a	href	https://media.oregonstate.edu/media/t/1_7qbtmmfk
cs550/index.html	a	href	https://media.oregonstate.edu/media/t/1_i4632j35
cs550/index.html	a	href	https://media.oregonstate.edu/media/t/1_v2x40j21
cs550/index.html	a	href	https://media.oregonstate.edu/media/t/1_yoh7meab
cs550/index.html	a	href	https://media.oregonstate.edu/media/t/1_37s7897q
cs550/index.html	a	href	https://www.linkedin.com/in/bryan-pawlowski-48670630/
cs550/index.html	a	href	https://communities.unrealengine.com/portland/
cs550/index.html	a	href	https://pigsquad.com/
cs550/index.html	a	href	https://pigsquad.com/globalgamejam/
cs550/index.html	a	href	https://pigsquad.com/events-list/finishyourgamekickoff2025
cs550/index.html	a	href	https://angelscript.hazelight.se/
cs550/index.html	a	href	https://dev.epicgames.com/documentation/en-us/unreal-engine/lyra-sample-game-in-unreal-engine
cs550/index.html	a	href	https://github.com/ocornut/imgui
cs550/index.html	a	href	https://unreal-garden.com/
cs550/index.html	a	href	https://joyrok.com/
cs550/index.html	a	href	https://www.youtube.com/watch?v=fZ3NM3hZD1Y
cs550/index.html	a	href	https://www.youtube.com/watch?v=H08gxT0RR2c
cs550/index.html	a	href	https://itch.io/
cs550/index.html	a	href	https://www.theoryoffun.com/
cs550/index.html	a	href	https://media.oregonstate.edu/media/t/1_tcu8blhu
cs550/index.html	a	href	https://www.glassner.com/computer-graphics/cga-columns/
cs550/index.html	a	href	https://oregonstate.zoom.us/j/8340727662?pwd=b01tZ0hJUzdHNUtrdTRqSkdwbG4zdz09
cs550/index.html	a	href	https://oregonstate.zoom.us/j/8340727662?pwd=b01tZ0hJUzdHNUtrdTRqSkdwbG4zdz09
cs550/index.html	a	href	https://oregonstate.zoom.us/j/8340727662?pwd=b01tZ0hJUzdHNUtrdTRqSkdwbG4zdz09
cs550/index.html	a	href	https://oregonstate.zoom.us/j/8340727662?pwd=b01tZ0hJUzdHNUtrdTRqSkdwbG4zdz09
cs550/index.html	a	href	https://oregonstate.zoom.us/j/8340727662?pwd=b01tZ0hJUzdHNUtrdTRqSkdwbG4zdz09
cs550/index.html	a	href	https://oregonstate.zoom.us/j/8340727662?pwd=b01tZ0hJUzdHNUtrdTRqSkdwbG4zdz09
cs550/index.html	a	href	https://media.oregonstate.edu/media/t/1_ps229hwq
cs550/index.html	a	href	https://media.oregonstate.edu/media/t/1_p956mplw
cs550/index.html	a	href	https://media.oregonstate.edu/media/t/1_2a7kmjiz
cs550/index.html	a	href	https://media.oregonstate.edu/media/t/1_3p7ddws6
cs550/index.html	a	href	https://media.oregonstate.edu/media/t/1_l878fh5u
cs550/index.html	a	href	https://media.oregonstate.edu/media/t/1_yo0m0tch
cs550/index.html	a	href	https://media.oregonstate.edu/media/t/1_nbm6dnub
cs550/index.html	a	href	https://media.oregonstate.edu/media/t/1_h9p4w61j
cs550/index.html	a	href	https://media.oregonstate.edu/media/t/1_vyjvu7in
cs550/index.html	a	href	https://media.oregonstate.edu/media/t/1_4ezgefkp
cs550/index.html	a	href	https://media.oregonstate.edu/media/t/1_r9m8fjrp
cs550/index.html	a	href	https://media.oregonstate.edu/media/t/1_x9r26u6m
cs550/index.html	a	href	https://media.oregonstate.edu/media/t/1_84qc4lqq
cs550/index.html	a	href	https://oregonstate.zoom.us/j/8340727662?pwd=b01tZ0hJUzdHNUtrdTRqSkdwbG4zdz09
cs550/index.html	a	href	https://oregonstate.zoom.us/j/6957448616?pwd=oaT5Fpia0FFZY3olIE9nUDPBIisX0c.1
cs550/index.html	a	href	https://oregonstate.zoom.us/j/96461411514?pwd=oryE94vnZF6uL3uM0Fy97fBk1Y8jVb.1
cs550/index.html	a	href	https://oregonstate.zoom.us/j/2769599138?pwd=EzFPff2326blnc1auN3mJz1uHbCATx.1
cs550/index.html	a	href	https://oregonstate.zoom.us/j/2053245321?pwd=bbmibT0YTjpNZ4AFWcsuF3OFdQodcu.1
cs550/index.html	a	href	https://oregonstate.zoom.us/j/97326939550?pwd=yRrIZqWZZyta4j5BsYmBRzONGdbgFd.1
cs550/index.html	a	href	https://oregonstate.zoom.us/j/5623307836?pwd=eXpxQUUvN1dyY2pmOEhOMlllNDlBQT09
cs550/index.html	a	href	https://oregonstate.zoom.us/j/2878158793?pwd=Q3FaaXRRUGxqdXhpdjY5TS9IL3FVUT09
cs550/index.html	a	href	https://oregonstate.zoom.us/j/8340727662?pwd=b01tZ0hJUzdHNUtrdTRqSkdwbG4zdz09
cs550/index.html	a	href	https://oregonstate.zoom.us/j/8340727662?pwd=b01tZ0hJUzdHNUtrdTRqSkdwbG4zdz09
cs550/index.html	a	href	https://oregonstate.zoom.us/j/5623307836?pwd=eXpxQUUvN1dyY2pmOEhOMlllNDlBQT09
cs550/index.html	a	href	https://oregonstate.zoom.us/j/2878158793?pwd=Q3FaaXRRUGxqdXhpdjY5TS9IL3FVUT09
cs550/index.html	a	href	https://oregonstate.zoom.us/j/8340727662?pwd=b01tZ0hJUzdHNUtrdTRqSkdwbG4zdz09
cs550/index.html	a	href	https://oregonstate.zoom.us/j/2878158793?pwd=Q3FaaXRRUGxqdXhpdjY5TS9IL3FVUT09
cs550/index.html	a	href	https://oregonstate.zoom.us/j/8340727662?pwd=b01tZ0hJUzdHNUtrdTRqSkdwbG4zdz09
cs550/index.html	a	href	https://oregonstate.zoom.us/j/2878158793?pwd=Q3FaaXRRUGxqdXhpdjY5TS9IL3FVUT09
cs550/index.html	a	href	https://oregonstate.zoom.us/j/97326939550?pwd=yRrIZqWZZyta4j5BsYmBRzONGdbgFd.1
cs550/index.html	a	href	https://oregonstate.zoom.us/j/97326939550?pwd=yRrIZqWZZyta4j5BsYmBRzONGdbgFd.1
cs550/index.html	a	href	https://oregonstate.zoom.us/j/6957448616?pwd=oaT5Fpia0FFZY3olIE9nUDPBIisX0c.1
cs550/index.html	a	href	https://oregonstate.zoom.us/j/96461411514?pwd=oryE94vnZF6uL3uM0Fy97fBk1Y8jVb.1
cs550/index.html	a	href	https://oregonstate.zoom.us/j/6957448616?pwd=oaT5Fpia0FFZY3olIE9nUDPBIisX0c.1
cs550/index.html	a	href	https://oregonstate.zoom.us/j/96461411514?pwd=oryE94vnZF6uL3uM0Fy97fBk1Y8jVb.1
cs550/index.html	a	href	https://oregonstate.zoom.us/j/6957448616?pwd=oaT5Fpia0FFZY3olIE9nUDPBIisX0c.1
cs550/index.html	a	href	https://oregonstate.zoom.us/j/5623307836?pwd=eXpxQUUvN1dyY2pmOEhOMlllNDlBQT09
cs550/index.html	a	href	https://oregonstate.zoom.us/j/96461411514?pwd=oryE94vnZF6uL3uM0Fy97fBk1Y8jVb.1
cs550/index.html	a	href	https://oregonstate.zoom.us/j/5623307836?pwd=eXpxQUUvN1dyY2pmOEhOMlllNDlBQT09
cs550/index.html	a	href	https://oregonstate.zoom.us/j/2053245321?pwd=bbmibT0YTjpNZ4AFWcsuF3OFdQodcu.1
cs550/index.html	a	href	https://oregonstate.zoom.us/j/2053245321?pwd=bbmibT0YTjpNZ4AFWcsuF3OFdQodcu.1
cs550/index.html	a	href	https://oregonstate.zoom.us/j/2878158793?pwd=Q3FaaXRRUGxqdXhpdjY5TS9IL3FVUT09
cs550/index.html	a	href	https://oregonstate.zoom.us/j/2878158793?pwd=Q3FaaXRRUGxqdXhpdjY5TS9IL3FVUT09
cs550/index.html	a	href	https://oregonstate.zoom.us/j/5623307836?pwd=eXpxQUUvN1dyY2pmOEhOMlllNDlBQT09
cs550/index.html	a	href	https://oregonstate.zoom.us/j/5623307836?pwd=eXpxQUUvN1dyY2pmOEhOMlllNDlBQT09
cs550/index.html	a	href	https://oregonstate.zoom.us/j/5623307836?pwd=eXpxQUUvN1dyY2pmOEhOMlllNDlBQT09
cs550/index.html	a	href	https://oregonstate.zoom.us/j/2769599138?pwd=EzFPff2326blnc1auN3mJz1uHbCATx.1
cs550/index.html	a	href	https://oregonstate.zoom.us/j/97326939550?pwd=yRrIZqWZZyta4j5BsYmBRzONGdbgFd.1
cs550/index.html	a	href	https://oregonstate.zoom.us/j/2769599138?pwd=EzFPff2326blnc1auN3mJz1uHbCATx.1
cs550/index.html	a	href	https://oregonstate.zoom.us/j/97326939550?pwd=yRrIZqWZZyta4j5BsYmBRzONGdbgFd.1
cs550/index.html	a	href	https://oregonstate.zoom.us/j/2769599138?pwd=EzFPff2326blnc1auN3mJz1uHbCATx.1
cs550/index.html	a	href	https://oregonstate.zoom.us/j/2769599138?pwd=EzFPff2326blnc1auN3mJz1uHbCATx.1
cs550/index.html	a	href	https://oregonstate.zoom.us/j/2053245321?pwd=bbmibT0YTjpNZ4AFWcsuF3OFdQodcu.1
cs550/index.html	a	href	https://oregonstate.zoom.us/j/2878158793?pwd=Q3FaaXRRUGxqdXhpdjY5TS9IL3FVUT09
cs550/index.html	a	href	https://oregonstate.zoom.us/j/2053245321?pwd=bbmibT0YTjpNZ4AFWcsuF3OFdQodcu.1
cs550/index.html	a	href	https://oregonstate.zoom.us/j/2878158793?pwd=Q3FaaXRRUGxqdXhpdjY5TS9IL3FVUT09
cs550/index.html	a	href	https://oregonstate.zoom.us/j/2053245321?pwd=bbmibT0YTjpNZ4AFWcsuF3OFdQodcu.1
cs550/index.html	a	href	https://oregonstate.zoom.us/j/97326939550?pwd=yRrIZqWZZyta4j5BsYmBRzONGdbgFd.1
cs550/index.html	a	href	https://oregonstate.zoom.us/j/97326939550?pwd=yRrIZqWZZyta4j5BsYmBRzONGdbgFd.1
cs550/index.html	a	href	https://oregonstate.zoom.us/j/96461411514?pwd=oryE94vnZF6uL3uM0Fy97fBk1Y8jVb.1
cs550/index.html	a	href	https://oregonstate.zoom.us/j/6957448616?pwd=oaT5Fpia0FFZY3olIE9nUDPBIisX0c.1
cs550/index.html	a	href	https://oregonstate.zoom.us/j/96461411514?pwd=oryE94vnZF6uL3uM0Fy97fBk1Y8jVb.1
cs550/index.html	a	href	https://oregonstate.zoom.us/j/6957448616?pwd=oaT5Fpia0FFZY3olIE9nUDPBIisX0c.1
cs550/index.html	a	href	https://oregonstate.zoom.us/j/5623307836?pwd=eXpxQUUvN1dyY2pmOEhOMlllNDlBQT09
cs550/index.html	a	href	https://oregonstate.zoom.us/j/5623307836?pwd=eXpxQUUvN1dyY2pmOEhOMlllNDlBQT09
cs550/index.html	a	href	https://oregonstate.zoom.us/j/8340727662?pwd=b01tZ0hJUzdHNUtrdTRqSkdwbG4zdz09
cs550/index.html	a	href	https://oregonstate.zoom.us/j/8340727662?pwd=b01tZ0hJUzdHNUtrdTRqSkdwbG4zdz09
cs550/index.html	a	href	https://oregonstate.zoom.us/j/2878158793?pwd=Q3FaaXRRUGxqdXhpdjY5TS9IL3FVUT09
cs550/index.html	a	href	https://oregonstate.zoom.us/j/2878158793?pwd=Q3FaaXRRUGxqdXhpdjY5TS9IL3FVUT09
cs550/index.html	a	href	https://oregonstate.zoom.us/j/97326939550?pwd=yRrIZqWZZyta4j5BsYmBRzONGdbgFd.1
cs550/index.html	a	href	https://oregonstate.zoom.us/j/97326939550?pwd=yRrIZqWZZyta4j5BsYmBRzONGdbgFd.1
cs550/index.html	a	href	https://oregonstate.zoom.us/j/6957448616?pwd=oaT5Fpia0FFZY3olIE9nUDPBIisX0c.1
cs550/index.html	a	href	https://oregonstate.zoom.us/j/6957448616?pwd=oaT5Fpia0FFZY3olIE9nUDPBIisX0c.1
cs550/index.html	a	href	https://oregonstate.zoom.us/j/2769599138?pwd=EzFPff2326blnc1auN3mJz1uHbCATx.1
cs550/index.html	a	href	https://oregonstate.zoom.us/j/2769599138?pwd=EzFPff2326blnc1auN3mJz1uHbCATx.1
cs550/index.html	a	href	https://oregonstate.zoom.us/j/5623307836?pwd=eXpxQUUvN1dyY2pmOEhOMlllNDlBQT09
cs550/index.html	a	href	https://oregonstate.zoom.us/j/2769599138?pwd=EzFPff2326blnc1auN3mJz1uHbCATx.1
cs550/index.html	a	href	https://oregonstate.zoom.us/j/5623307836?pwd=eXpxQUUvN1dyY2pmOEhOMlllNDlBQT09
cs550/index.html	a	href	https://oregonstate.zoom.us/j/5623307836?pwd=eXpxQUUvN1dyY2pmOEhOMlllNDlBQT09
cs550/index.html	a	href	https://oregonstate.zoom.us/j/2878158793?pwd=Q3FaaXRRUGxqdXhpdjY5TS9IL3FVUT09
cs550/index.html	a	href	https://oregonstate.zoom.us/j/6957448616?pwd=oaT5Fpia0FFZY3olIE9nUDPBIisX0c.1
cs550/index.html	a	href	https://oregonstate.zoom.us/j/6957448616?pwd=oaT5Fpia0FFZY3olIE9nUDPBIisX0c.1
cs550/index.html	a	href	https://oregonstate.zoom.us/j/6957448616?pwd=oaT5Fpia0FFZY3olIE9nUDPBIisX0c.1
cs550/index.html	a	href	https://oregonstate.zoom.us/j/8340727662?pwd=b01tZ0hJUzdHNUtrdTRqSkdwbG4zdz09
cs550/index.html	a	href	https://oregonstate.zoom.us/j/8340727662?pwd=b01tZ0hJUzdHNUtrdTRqSkdwbG4zdz09
cs550/index.html	a	href	https://oregonstate.zoom.us/j/97326939550?pwd=yRrIZqWZZyta4j5BsYmBRzONGdbgFd.1
cs550/index.html	a	href	https://oregonstate.zoom.us/j/97326939550?pwd=yRrIZqWZZyta4j5BsYmBRzONGdbgFd.1
cs550/index.html	a	href	https://oregonstate.zoom.us/j/2769599138?pwd=EzFPff2326blnc1auN3mJz1uHbCATx.1
cs550/index.html	a	href	https://oregonstate.zoom.us/j/2769599138?pwd=EzFPff2326blnc1auN3mJz1uHbCATx.1
cs550/index.html	a	href	https://oregonstate.zoom.us/j/2769599138?pwd=EzFPff2326blnc1auN3mJz1uHbCATx.1
cs550/index.html	a	href	https://media.oregonstate.edu/media/t/0_apulscfk
cs550/index.html	a	href	https://media.oregonstate.edu/media/t/1_o2uehr79
cs550/index.html	a	href	https://canvas.oregonstate.edu
cs550/index.html	a	href	https://media.oregonstate.edu/media/t/1_h2sjfugd
cs550/index.html	a	href	https://media.oregonstate.edu/media/t/1_4bhp3bgp
cs550/index.html	a	href	https://canvas.oregonstate.edu
cs550/index.html	a	href	https://media.oregonstate.edu/media/t/1_ofoiq3ad
cs550/index.html	a	href	https://canvas.oregonstate.edu
cs550/index.html	a	href	https://media.oregonstate.edu/media/t/1_wpndy6ht
cs550/index.html	a	href	https://canvas.oregonstate.edu
cs550/index.html	a	href	https://media.oregonstate.edu/media/t/1_vmnajdtv
cs550/index.html	a	href	https://canvas.oregonstate.edu
cs550/index.html	a	href	https://media.oregonstate.edu/media/t/1_fx9cz86s
cs550/index.html	a	href	https://canvas.oregonstate.edu
cs550/index.html	a	href	https://media.oregonstate.edu/media/t/1_4f6g2g5c
cs550/index.html	a	href	https://canvas.oregonstate.edu
cs550/index.html	a	href	https://media.oregonstate.edu/media/t/1_g9bh0v2x
cs550/index.html	a	href	https://canvas.oregonstate.edu
cs550/index.html	a	href	https://media.oregonstate.edu/
cs550/index.html	a	href	https://youtu.be/eRa_lZ34fxY
cs550/index.html	a	href	https://youtu.be/_X4ejt-XblM
cs550/index.html	a	href	https://youtu.be/71cUrhPYMes
cs550/index.html	a	href	http://www.opengl.org
cs550/index.html	a	href	http://www.glprogramming.com/red/
cs550/index.html	a	href	http://docs.gl/
cs550/index.html	a	href	https://www.khronos.org/registry/OpenGL-Refpages/gl2.1/
cs550/index.html	a	href	https://www.opengl.org/resources/libraries/glut/spec3/spec3.html
cs550/index.html	a	href	https://www.opengl.org/resources/libraries/glut/glut-3.spec.pdf
cs550/index.html	a	href	http://glm.g-truc.net/0.9.9/
cs550/index.html	a	href	https://github.com/g-truc/glm/blob/master/manual.md
cs550/index.html	a	href	http://khronos.org/webgl
cs550/index.html	a	href	https://www.khronos.org/files/webgl/webgl-reference-card-1_0.pdf
cs550/index.html	a	href	http://www.aerotwist.com/tutorials/getting-started-with-three-js/
cs550/index.html	a	href	http://api.jqueryui.com/
cs550/index.html	a	href	http://www.cs.unm.edu/~angel/BOOK/INTERACTIVE_COMPUTER_GRAPHICS/SIXTH_EDITION/CODE/WebGL/
cs550/index.html	a	href	http://www.siggraph.org
cs550/index.html	a	href	https://www.khronos.org/vulkan/
cs550/index.html	a	href	https://www.khronos.org/files/vulkan11-reference-guide.pdf
cs550/index.html	a	href	https://nasa3d.arc.nasa.gov/
cs550/index.html	a	href	https://news.ycombinator.com/item?id=10492876
cs550/index.html	a	href	http://www.adriancourreges.com/blog/2015/11/02/gta-v-graphics-study/
cs550/index.html	a	href	http://www.adriancourreges.com/blog/2015/11/02/gta-v-graphics-study-part-2/
cs550/index.html	a	href	http://www.adriancourreges.com/blog/2015/11/02/gta-v-graphics-study-part-3/
cs550/index.html	a	href	http://www.adriancourreges.com/blog/2015/03/10/deus-ex-human-revolution-graphics-study/
cs550/index.html	a	href	http://www.adriancourreges.com/blog/2015/06/23/supreme-commander-graphics-study/
cs550/index.html	a	href	http://www.turbosquid.com/Search/3D-Models/free/obj
cs550/index.html	a	href	https://free3d.com/3d-models/
cs550/index.html	a	href	https://sketchfab.com/features/free-3d-models
cs550/index.html	a	href	https://registrar.oregonstate.edu/osu-academic-calendar
cs550/index.html	a	href	https://counseling.oregonstate.edu/
cs550/index.html	a	href	https://studentlife.oregonstate.edu/studentconduct/
cs550/index.html	a	href	https://beav.es/codeofconduct
cs550/index.html	a	href	https://ds.oregonstate.edu/
cs550/index.html	a	href	https://asosu.oregonstate.edu/advocacy/rights
cs550/index.html	a	href	https://eoa.oregonstate.edu/accommodations/religion
cs550/index.html	a	href	https://studentlife.oregonstate.edu/religious-and-spiritual-observance-calendar
cs550/index.html	a	href	http://oregonstate.edu/ReachOut
cs550/index.html	a	href	https://counseling.oregonstate.edu/anytimeanywhere
cs550/index.html	a	href	https://care.oregonstate.edu/
cs550/index.html	a	href	https://ecampus.oregonstate.edu/services/student-services/guide/#student-care
cs550/index.html	a	href	https://studentlife.oregonstate.edu/bnc
cs550/index.html	a	href	https://dl.acm.org/doi/10.1145/3641230.3653525
cs550/index.html	a	href	https://dl.acm.org/doi/abs/10.1145/3577024.3596488
cs550/index.html	a	href	https://www.youtube.com/watch?v=bsh6zMf7Wqw&t=117s
cs550/index.html	a	href	https://www.youtube.com/watch?v=bsh6zMf7Wqw
cs550/lookingglassquilts.html	iframe	src	https://blocks.glass/embed/ed5af817-2e1b-45f2-b4d1-8a2de89bf546
cs550/lookingglassquilts.html	iframe	src	https://blocks.glass/embed/400bb80c-3fc9-4cfc-8fcd-c85014e0b210
cs553/index.html	a	href	https://web.engr.oregonstate.edu/cgi-bin/cgiwrap/~mjb/grades553.cgi
cs553/index.html	a	href	https://web.engr.oregonstate.edu/cgi-bin/cgiwrap/~mjb/grades553.cgi
cs553/index.html	a	href	https://www.youtube.com/watch?v=ReDDgFfWlS4
cs553/index.html	a	href	https://www.youtube.com/watch?v=x8DKg_fsacM
cs553/index.html	a	href	https://www.youtube.com/watch?v=G4qMqbL9ACo
cs553/index.html	a	href	https://twitter.com/wearekuva/status/1125747795313532928?s=03
cs553/index.html	a	href	https://youtu.be/dSCNf9DIBGE
cs553/index.html	a	href	https://www.buzzfeed.com/crystalro/toy-story-4-attention-details
cs553/index.html	a	href	http://eecs.oregonstate.edu/eecs-graduation-celebration-2019
cs553/index.html	a	href	https://oregonstate.qualtrics.com/jfe/form/SV_afpaqby6AbsU9Bb
cs553/index.html	a	href	https://it.engineering.oregonstate.edu/obtain-software-your-personal-computer-or-laptop
cs553/index.html	a	href	http://mashable.com/2015/03/26/f8-oculus-optical-illusions/#:eyJzIjoidCIsImkiOiJfdHVrNWZvaXpkdnFhMnBhMHY1MGYwal8ifQ
cs553/index.html	a	href	https://www.youtube.com/watch?v=LKnqECcg6Gw
cs553/index.html	a	href	https://observablehq.com/@johnburnmurdoch/bar-chart-race-the-most-populous-cities-in-the-world
cs553/index.html	a	href	http://www.paraview.org
cs553/index.html	a	href	http://www.paraview.org
cs553/index.html	a	href	https://www.paraview.org/download/
cs553/index.html	a	href	http://teach.engr.oregonstate.edu
cs553/index.html	a	href	https://www.paraview.org/paraview-downloads/download.php?submit=Download&version=v5.6&type=data&os=Sources&downloadFile=ParaViewGettingStarted-5.6.0.pdf
cs553/index.html	a	href	https://www.paraview.org/paraview-downloads/download.php?submit=Download&version=v5.6&type=data&os=Sources&downloadFile=ParaViewTutorial-5.6.0.pdf
cs553/index.html	a	href	https://www.paraview.org/paraview-downloads/download.php?submit=Download&version=v5.6&type=data&os=Sources&downloadFile=ParaViewGuide-5.6.0.pdf
cs553/index.html	a	href	https://www.amazon.com/ParaView-Guide-Full-Color-Version/dp/1930934300/ref=sr_1_1?s=books&ie=UTF8&qid=1549556337&sr=1-1&keywords=paraview
cs553/index.html	a	href	https://www.youtube.com/watch?v=iHJUmw5FCsM
cs553/index.html	a	href	https://www.youtube.com/watch?v=EgumU0Ns1YI
cs553/index.html	a	href	http://www.ncsa.illinois.edu/enabling/vis/cadens/making_of
cs553/index.html	a	href	https://registrar.oregonstate.edu/final-examination-schedule-group-exams-class-meeting-hours
cs553/index.html	a	href	https://web.engr.oregonstate.edu/cgi-bin/cgiwrap/~mjb/grades553.cgi
cs553/index.html	a	href	http://engr.oregonstate.edu/teach
cs553/index.html	a	href	http://studentlife.oregonstate.edu/studentconduct/offenses-0
cs553/index.html	a	href	http://ds.oregonstate.edu
cs553/index.html	a	href	http://studentlife.oregonstate.edu/hsrc
cs553/index.html	a	href	http://www.visual-literacy.org/periodic_table/periodic_table.html
cs553/index.html	a	href	http://www.paraview.org
cs553/index.html	a	href	https://www.paraview.org/paraview-downloads/download.php?submit=Download&version=v5.6&type=data&os=Sources&downloadFile=ParaViewGettingStarted-5.6.0.pdf
cs553/index.html	a	href	https://www.paraview.org/paraview-downloads/download.php?submit=Download&version=v5.6&type=data&os=Sources&downloadFile=ParaViewTutorial-5.6.0.pdf
cs553/index.html	a	href	https://www.paraview.org/paraview-downloads/download.php?submit=Download&version=v5.6&type=data&os=Sources&downloadFile=ParaViewGuide-5.6.0.pdf
cs553/index.html	a	href	http://www.opengl.org
cs553/index.html	a	href	http://www.opengl.org/documentation/specs
cs553/index.html	a	href	http://www.opengl.org/sdk/docs/man
cs553/index.html	a	href	http://www.opengl.org/sdk
cs553/index.html	a	href	http://www.opengl.org/sdk/libs/OpenSceneGraph/glsl_quickref.pdf
cs553/index.html	a	href	http://www.lighthouse3d.com/opengl/tutorials.shtml
cs553/index.html	a	href	http://www.opengl.org/documentation/specs/glut/spec3/spec3.html
cs553/index.html	a	href	http://www.opengl.org/documentation/specs/glut/glut-3.spec.pdf
cs553/index.html	a	href	http://www.cs.unc.edu/~rademach/glui/src/release/glui_manual_v2_beta.pdf
cs553/index.html	a	href	http://www.cs.unc.edu/~rademach/glui
cs553/index.html	a	href	http://glui.sourceforge.net
cs553/index.html	a	href	http://www.siggraph.org
cs553/index.html	a	href	http://gbib.siggraph.org
cs553/index.html	a	href	http://www.colourlovers.com
cs553/index.html	a	href	http://www.colorbrewer2.org
cs553/index.html	a	href	http://www.xrite.com/custom_page.aspx?PageID=77&Lang=en
cs553/index.html	a	href	http://public.kitware.com/VTK
cs553/index.html	a	href	http://public.kitware.com/VTK/doc/nightly/html
cs553/index.html	a	href	http://public.kitware.com/VTK/example-code.php
cs553/index.html	a	href	http://www.web3d.org
cs553/index.html	a	href	http://www.parallelgraphics.com/products/cortona
cs553/index.html	a	href	http://www.gamedev.net
cs553/index.html	a	href	http://www.gamasutra.com
cs553/index.html	a	href	http://www.pewtrusts.org/en/research-and-analysis/collections/2014/05/19/fiscal-50-state-trends-and-analysis
cs553/index.html	a	href	http://www.census.gov
cs553/index.html	a	href	https://www.usgs.gov/core-science-systems/national-geospatial-program/national-map
cs553/index.html	a	href	https://www.data.gov/open-gov/
cs553/index.html	a	href	https://www.data.gov/open-gov/
cs553/index.html	a	href	https://www.opendatasoft.com/a-comprehensive-list-of-all-open-data-portals-around-the-world/
cs553/index.html	a	href	https://data.worldbank.org/
cs553/index.html	a	href	http://www.dcs.ed.ac.uk/home/mxr/gfx/3d-hi.html
cs553/index.html	a	href	http://www.popsci.com/scitech/gallery/2008-02/you-virtually
cs553/index.html	a	href	http://lodbook.com/models
cs553/index.html	a	href	http://www.digitalanimators.com/HTM/Resources/3dModels/Avalon.htm
cs553/index.html	a	href	http://nasa3d.arc.nasa.gov/
cs553/index.html	a	href	http://www.modelbank.com
cs557/Projects/finalproject.html	a	href	https://media.oregonstate.edu/
cs557/Projects/proj01.html	a	href	https://media.oregonstate.edu/
cs557/Projects/proj02.html	a	href	https://media.oregonstate.edu/
cs557/Projects/proj04.html	a	href	https://media.oregonstate.edu/
cs557/Projects/proj04.html	a	href	https://www.humus.name/index.php?page=Textures&start=0
cs557/Projects/proj05.html	a	href	https://media.oregonstate.edu/
cs557/Projects/proj06.html	a	href	https://media.oregonstate.edu/
cs557/Projects/proj07A.html	a	href	https://www.3dglassesonline.com/
cs557/Projects/proj07A.html	a	href	https://media.oregonstate.edu/
cs557/Projects/proj07B.html	a	href	https://media.oregonstate.edu/
cs557/Projects/proj07B.html	a	href	https://www.3dglassesonline.com/
cs557/index.html	a	href	https://oregonstate.zoom.us/j/8340727662?pwd=b01tZ0hJUzdHNUtrdTRqSkdwbG4zdz09
cs557/index.html	a	href	https://oregonstate.qualtrics.com/jfe/form/SV_3RbnEqSrRCTx8F0
cs557/index.html	a	href	https://x.com/TheFigen_/status/1897758539092775170
cs557/index.html	a	href	https://in.mashable.com/tech/90653/latvias-flow-wins-best-animated-feature-using-open-source-3d-software-blender
cs557/index.html	a	href	https://www.youtube.com/watch?v=ZgZccxuj2RY
cs557/index.html	a	href	https://youtu.be/yw-a7buP4KA?si=jfkWBkSYY4DgrjWs
cs557/index.html	a	href	http://media.oregonstate.edu
cs557/index.html	a	href	https://blog.turbosquid.com/2023/05/08/how-sciepro-created-a-3d-heart-model-few-can-beat/?utm_source=sstkemail&utm_medium=email&utm_campaign=TS_D_NL_IPWarmingD1_V1_202403&utm_id=23999&sfmc_id=53157354&subscriber_key=ts-20890766
cs557/index.html	a	href	https://www.youtube.com/watch?v=8ocanbiSyV4
cs557/index.html	a	href	https://www.youtube.com/watch?v=68YMEmaF0rs&t=201s
cs557/index.html	a	href	https://www.youtube.com/watch?v=IUY2yI5F16U
cs557/index.html	a	href	https://blog.tylerglaiel.com/p/make-and-release-lots-of-small-games?lid=bsh7dnoi9o22
cs557/index.html	a	href	https://www.youtube.com/watch?v=WIPV1iwzrzg
cs557/index.html	a	href	https://www.youtube.com/watch?v=1RhFjN9EdB8
cs557/index.html	a	href	https://www.adobe.com/products/substance3d-sampler.html?sdid=1NZGD5RW&mv=search&gclid=CjwKCAiA_vKeBhAdEiwAFb_nrVFOl2UhuuLiC7UV43johh5MwSkSt411w17FdRE2orJh2DS9qm4DiRoCIrAQAvD_BwE
cs557/index.html	a	href	https://www.youtube.com/watch?v=p5dU56Tl--A
cs557/index.html	a	href	https://media.oregonstate.edu/media/t/1_9zkph0gs
cs557/index.html	a	href	http://colorbrewer2.org
cs557/index.html	a	href	https://sketchfab.com/nebulousflynn/collections/cc0
cs557/index.html	a	href	http://eecs.oregonstate.edu/industry-events-students
cs557/index.html	a	href	https://3dtextures.me/
cs557/index.html	a	href	http://distractify.com/fun/amazing-t-rex-optical-illusion
cs557/index.html	a	href	http://www.greentoken.de/onlineconv/
cs557/index.html	a	href	https://online-converting.com/image/convert2bmp/
cs557/index.html	a	href	https://cloudconvert.com/
cs557/index.html	a	href	https://engineering.oregonstate.edu/EECS/myEECS/eecs-graduation-celebration
cs557/index.html	a	href	https://commencement.oregonstate.edu/
cs557/index.html	a	href	https://www.naceweb.org/talent-acquisition/candidate-selection/what-are-employers-looking-for-when-reviewing-college-students-resumes
cs557/index.html	a	href	https://github.blog/developer-skills/career-growth/best-practices-to-help-your-survive-the-internship-process/
cs557/index.html	a	href	https://www.nasa.gov/learning-resources/internship-programs/
cs557/index.html	a	href	https://www.google.com/about/careers/applications/students/
cs557/index.html	a	href	https://events.oregonstate.edu/event/virtual-all-industries-career-internship-fair?utm_campaign=widget&utm_medium=widget&utm_source=Oregon+State+University
cs557/index.html	a	href	https://events.oregonstate.edu/event/winter-all-industries-career-internship-fair?utm_campaign=widget&utm_medium=widget&utm_source=Oregon+State+University
cs557/index.html	a	href	https://engineering.oregonstate.edu/EECS/myeecs/eecs-student-portal/career-networking-events-calendar
cs557/index.html	a	href	https://onlinelibrary-wiley-com.oregonstate.idm.oclc.org/doi/book/10.1002/9781119418504
cs557/index.html	a	href	https://www.amazon.com/Programming-Interviews-Exposed-Through-Interview/dp/111941847X/ref=sr_1_2?dchild=1&keywords=Programming+Interviews+Exposed%3A&qid=1613775172&s=books&sr=1-2
cs557/index.html	a	href	https://www.youtube.com/watch?v=lUrMph7sNx0&feature=youtu.be
cs557/index.html	a	href	https://oregonstate.zoom.us/j/6228355099?pwd=NVArN0k0c2R1Zk9SemkxR1dybjFNUT09
cs557/index.html	a	href	https://oregonstate.zoom.us/j/9832138107?pwd=UWNybHRoV2FUUFJrNGtlYnplWjhlUT09
cs557/index.html	a	href	https://us05web.zoom.us/j/6532976854?pwd=fYWFuQEUS8zg67dQqN8OL8duwSTGNZ.1
cs557/index.html	a	href	https://oregonstate.zoom.us/j/3821452144?pwd=MkwyS0NCWkI1K2JFWVhNSzZBNFNaUT09
cs557/index.html	a	href	https://oregonstate.zoom.us/j/9066893864?pwd=C8mtUNYXIsQ1lbdBT6XaKirORjwzf0.1
cs557/index.html	a	href	https://oregonstate.zoom.us/j/5885106117?pwd=UzZRZUIzYlFwS2RKOWtubFpaTVRlQT09
cs557/index.html	a	href	https://oregonstate.zoom.us/j/8340727662?pwd=b01tZ0hJUzdHNUtrdTRqSkdwbG4zdz09
cs557/index.html	a	href	https://open.oregonstate.edu/about/affordability-matters-badge.htm
cs557/index.html	a	href	http://www.amazon.com/Graphics-Shaders-Theory-Practice-Second/dp/1568814348/ref=sr_1_1?s=books&ie=UTF8&qid=1325700745&sr=1-1
cs557/index.html	a	href	http://www.crcpress.com/product/isbn/9781568814346
cs557/index.html	a	href	https://media.oregonstate.edu/media/t/1_6clv2u3y
cs557/index.html	a	href	https://media.oregonstate.edu/media/t/1_4uxl6tpt
cs557/index.html	a	href	https://media.oregonstate.edu/media/t/1_izkktk3y
cs557/index.html	a	href	https://media.oregonstate.edu/media/t/1_mrxw76qp
cs557/index.html	a	href	https://media.oregonstate.edu/media/t/1_13zyymzt
cs557/index.html	a	href	https://media.oregonstate.edu/media/t/1_rckd5olm
cs557/index.html	a	href	https://media.oregonstate.edu/media/t/1_kquqrrak
cs557/index.html	a	href	https://media.oregonstate.edu/media/t/1_2f734n23
cs557/index.html	a	href	https://media.oregonstate.edu/media/t/1_2wl6ck8f
cs557/index.html	a	href	https://media.oregonstate.edu/media/t/1_p4jbqgdq
cs557/index.html	a	href	https://media.oregonstate.edu/media/t/1_9hg2yp0i
cs557/index.html	a	href	https://media.oregonstate.edu/media/t/1_jnucicjm
cs557/index.html	a	href	https://media.oregonstate.edu/media/t/1_rzlxo1zt
cs557/index.html	a	href	https://media.oregonstate.edu/media/t/1_a09gcmt4
cs557/index.html	a	href	https://media.oregonstate.edu/media/t/1_2ki13a78
cs557/index.html	a	href	https://media.oregonstate.edu/media/t/1_179sthb0
cs557/index.html	a	href	https://media.oregonstate.edu/media/t/1_6hlrktcx
cs557/index.html	a	href	https://media.oregonstate.edu/media/t/1_sc4hog8c
cs557/index.html	a	href	https://media.oregonstate.edu/media/t/1_alnuhcwn
cs557/index.html	a	href	https://media.oregonstate.edu/media/t/1_4kbiqmk8
cs557/index.html	a	href	https://media.oregonstate.edu/media/t/1_jussx70k
cs557/index.html	a	href	https://media.oregonstate.edu/media/t/1_0cdqd3nd
cs557/index.html	a	href	https://media.oregonstate.edu/media/t/1_qcd0u82y
cs557/index.html	a	href	https://media.oregonstate.edu/media/t/1_dkx6ttjd
cs557/index.html	a	href	https://media.oregonstate.edu/media/t/1_0lxhw21a
cs557/index.html	a	href	https://media.oregonstate.edu/media/t/1_vnpe8ecx
cs557/index.html	a	href	https://media.oregonstate.edu/media/t/1_jd1mro9f
cs557/index.html	a	href	https://media.oregonstate.edu/media/t/1_jdjf4ocq
cs557/index.html	a	href	https://media.oregonstate.edu/media/t/1_jtxymjwr
cs557/index.html	a	href	https://media.oregonstate.edu/media/t/1_pxkxpcqm
cs557/index.html	a	href	https://media.oregonstate.edu/media/t/1_1fcowika
cs557/index.html	a	href	https://media.oregonstate.edu/media/t/1_u7s0efec
cs557/index.html	a	href	https://media.oregonstate.edu/media/t/1_7n7oozc1
cs557/index.html	a	href	https://media.oregonstate.edu/media/t/1_3ft40w44
cs557/index.html	a	href	https://media.oregonstate.edu/media/t/1_0717tkib
cs557/index.html	a	href	https://media.oregonstate.edu/media/t/1_wmhk6w2y
cs557/index.html	a	href	https://media.oregonstate.edu/media/t/1_67kbg5c9
cs557/index.html	a	href	https://media.oregonstate.edu/media/t/1_1898w10u
cs557/index.html	a	href	https://media.oregonstate.edu/media/t/1_i8cyje5n
cs557/index.html	a	href	https://media.oregonstate.edu/media/t/1_vb7puv3k
cs557/index.html	a	href	https://media.oregonstate.edu/media/t/1_bf02xvhp
cs557/index.html	a	href	https://media.oregonstate.edu/media/t/1_p696hht6
cs557/index.html	a	href	https://media.oregonstate.edu/media/t/1_18jlpqir
cs557/index.html	a	href	https://media.oregonstate.edu/media/t/1_cw05hmdt
cs557/index.html	a	href	https://media.oregonstate.edu/media/t/1_zogb1dty
cs557/index.html	a	href	https://media.oregonstate.edu/media/t/1_7obxjofx
cs557/index.html	a	href	https://media.oregonstate.edu/media/t/1_a4wmwglg
cs557/index.html	a	href	https://media.oregonstate.edu/media/t/1_gfttqvn4
cs557/index.html	a	href	https://media.oregonstate.edu/media/t/1_poe9tykh
cs557/index.html	a	href	https://media.oregonstate.edu/media/t/1_umoe6q5p
cs557/index.html	a	href	https://media.oregonstate.edu/media/t/1_9br3ngrh
cs557/index.html	a	href	https://media.oregonstate.edu/media/t/1_vjxyqo5z
cs557/index.html	a	href	https://media.oregonstate.edu/media/t/1_cgc2ygjs
cs557/index.html	a	href	https://media.oregonstate.edu/media/t/1_0ojjwu76
cs557/index.html	a	href	https://media.oregonstate.edu/media/t/1_e8mlabp8
cs557/index.html	a	href	https://media.oregonstate.edu/media/t/1_sqyryqgp
cs557/index.html	a	href	https://media.oregonstate.edu/media/t/1_svich86x
cs557/index.html	a	href	https://media.oregonstate.edu/media/t/1_qz7in4ln
cs557/index.html	a	href	https://oregonstate.zoom.us/j/8340727662?pwd=b01tZ0hJUzdHNUtrdTRqSkdwbG4zdz09
cs557/index.html	a	href	https://media.oregonstate.edu/media/t/1_3a0vuztk
cs557/index.html	a	href	https://media.oregonstate.edu/media/t/1_a0mctjak
cs557/index.html	a	href	https://media.oregonstate.edu/media/t/1_ls2zhph6
cs557/index.html	a	href	https://media.oregonstate.edu/media/t/1_d2y8nuly
cs557/index.html	a	href	https://media.oregonstate.edu/media/t/1_43flky5z
cs557/index.html	a	href	https://media.oregonstate.edu/media/t/1_khll1kii
cs557/index.html	a	href	https://media.oregonstate.edu/media/t/1_88lfmwbn
cs557/index.html	a	href	https://media.oregonstate.edu/media/t/1_t59co327
cs557/index.html	a	href	https://media.oregonstate.edu/media/t/1_rjx3g7de
cs557/index.html	a	href	https://media.oregonstate.edu/media/t/1_1gib4u3w
cs557/index.html	a	href	https://media.oregonstate.edu/media/t/1_w7zszgz5
cs557/index.html	a	href	https://media.oregonstate.edu/media/t/1_b8ke3w5e
cs557/index.html	a	href	https://media.oregonstate.edu/media/t/1_piq6m4mf
cs557/index.html	a	href	https://media.oregonstate.edu/media/t/1_piq6m4mf
cs557/index.html	a	href	https://media.oregonstate.edu/media/t/1_9js0wgwh
cs557/index.html	a	href	https://media.oregonstate.edu/media/t/1_qvu1fj63
cs557/index.html	a	href	https://media.oregonstate.edu/media/t/1_1utbx8lf
cs557/index.html	a	href	https://media.oregonstate.edu/media/t/1_izrykczk
cs557/index.html	a	href	https://media.oregonstate.edu/media/t/1_jqag9x1d
cs557/index.html	a	href	https://media.oregonstate.edu/media/t/1_cdlo2xgv
cs557/index.html	a	href	https://media.oregonstate.edu/media/t/1_goiqcad3
cs557/index.html	a	href	https://media.oregonstate.edu/media/t/1_1utbx8lf
cs557/index.html	a	href	https://media.oregonstate.edu/
cs557/index.html	a	href	http://www.opengl.org
cs557/index.html	a	href	http://openglbook.com/
cs557/index.html	a	href	https://www.khronos.org/registry/OpenGL-Refpages/gl4/
cs557/index.html	a	href	https://www.opengl.org/resources/libraries/glut/glut-3.spec.pdf
cs557/index.html	a	href	https://master.dl.sourceforge.net/project/glui/Documentation/GLUI%202/glui_manual_v2_beta.pdf?viasf=1
cs557/index.html	a	href	http://khronos.org/webgl
cs557/index.html	a	href	http://threejs.org/
cs557/index.html	a	href	http://api.jqueryui.com/
cs557/index.html	a	href	http://www.cs.unm.edu/~angel/BOOK/INTERACTIVE_COMPUTER_GRAPHICS/SIXTH_EDITION/CODE/WebGL/
cs557/index.html	a	href	http://www.siggraph.org
cs557/index.html	a	href	http://dl.acm.org
cs557/index.html	a	href	http://www.gamedev.net
cs557/index.html	a	href	https://free3d.com/
cs557/index.html	a	href	http://www.turbosquid.com/Search/3D-Models/free/obj
cs557/index.html	a	href	https://sketchfab.com/features/free-3d-models
cs557/index.html	a	href	http://lodbook.com/models
cs557/index.html	a	href	http://kirox.de/test/Surface.html
cs557/index.html	a	href	https://registrar.oregonstate.edu/osu-academic-calendar
cs557/index.html	a	href	https://counseling.oregonstate.edu/
cs557/index.html	a	href	https://studentlife.oregonstate.edu/studentconduct/
cs557/index.html	a	href	https://beav.es/codeofconduct
cs557/index.html	a	href	https://ds.oregonstate.edu/
cs557/index.html	a	href	https://asosu.oregonstate.edu/advocacy/rights
cs557/index.html	a	href	http://oregonstate.edu/ReachOut
cs557/index.html	a	href	https://studentlife.oregonstate.edu/bnc
cs575/handouts.html	a	href	http://openmp.org/mp-documents/OpenMP-4.0-C.pdf
cs575/handouts.html	a	href	http://www.info.univ-angers.fr/pub/richer/cuda/CUDA_C_QuickRef.pdf
cs575/index.html	a	href	https://oregonstate.zoom.us/j/8340727662?pwd=b01tZ0hJUzdHNUtrdTRqSkdwbG4zdz09
cs575/index.html	a	href	https://oregonstate.qualtrics.com/jfe/form/SV_dd2pMl1oeSEGB4a
cs575/index.html	a	href	https://www.youtube.com/watch?v=h9Z4oGN89MU
cs575/index.html	a	href	https://teach.engr.oregonstate.edu
cs575/index.html	a	href	https://web.engr.oregonstate.edu/~anklesan/flipsetup.html
cs575/index.html	a	href	https://success.oregonstate.edu/sites/success.oregonstate.edu/files/LearningCorner/Tools/tag_-_fill_-_20.pdf
cs575/index.html	a	href	https://www.autoblog.com/2022/03/04/train-hits-autonomous-robot-crossing/
cs575/index.html	a	href	https://is.oregonstate.edu/microsoft
cs575/index.html	a	href	https://azureforeducation.microsoft.com/devtools
cs575/index.html	a	href	https://engineering.oregonstate.edu/EECS/MyEECS
cs575/index.html	a	href	https://engineering.oregonstate.edu/EECS/myEECS/eecs-graduation-celebration
cs575/index.html	a	href	https://www.youtube.com/live/twVIq47hBPY
cs575/index.html	a	href	https://commencement.oregonstate.edu/
cs575/index.html	a	href	https://ecampus.oregonstate.edu/services/graduation/2024/
cs575/index.html	a	href	https://engineering.oregonstate.edu/EECS/myeecs/eecs-student-portal/career-networking-events-calendar
cs575/index.html	a	href	http://osulibrary.oregonstate.edu
cs575/index.html	a	href	http://www.osu.eblib.com.ezproxy.proxy.library.oregonstate.edu/patron/FullRecord.aspx?p=861686
cs575/index.html	a	href	https://www.amazon.com/Programming-Interviews-Exposed-Through-Interview/dp/111941847X/ref=sr_1_2?dchild=1&keywords=Programming+Interviews+Exposed%3A&qid=1613775172&s=books&sr=1-2
cs575/index.html	a	href	https://oregonstate.zoom.us/j/7921046805?pwd=PMHzOoq8GyahgJ81NZFPQViaGsQxuh.1
cs575/index.html	a	href	https://oregonstate.zoom.us/j/93293785986?pwd=iATryJSTAQ2Uxksqyjc9rDD0SxP2jR.1
cs575/index.html	a	href	https://oregonstate.zoom.us/j/97064201571?pwd=0iE194aRmVvgECIO2FB3oHvD4NEXaz.1
cs575/index.html	a	href	https://oregonstate.zoom.us/j/3821452144?pwd=MkwyS0NCWkI1K2JFWVhNSzZBNFNaUT09
cs575/index.html	a	href	https://oregonstate.zoom.us/j/9301493655?pwd=THFSRFlLdzVTSkcxZVl0SU01VnRRdz09
cs575/index.html	a	href	https://oregonstate.zoom.us/j/2983687190?pwd=SHdzL1Z0MVlYYlVYZG9FZXpraTFGQT09
cs575/index.html	a	href	https://oregonstate.zoom.us/j/9713710836?pwd=SlhsaXdmT3Y1eVNXZEx0QkdXWHV0dz09
cs575/index.html	a	href	https://oregonstate.zoom.us/my/suyashsreekumar?pwd=NnlzYTRLbk5qNU51MTMvRHhXL2x1dz09
cs575/index.html	a	href	https://oregonstate.zoom.us/j/8340727662?pwd=b01tZ0hJUzdHNUtrdTRqSkdwbG4zdz09
cs575/index.html	a	href	https://oregonstate.zoom.us/j/9713710836?pwd=SlhsaXdmT3Y1eVNXZEx0QkdXWHV0dz09
cs575/index.html	a	href	https://oregonstate.zoom.us/my/suyashsreekumar?pwd=NnlzYTRLbk5qNU51MTMvRHhXL2x1dz09
cs575/index.html	a	href	https://oregonstate.zoom.us/j/9713710836?pwd=SlhsaXdmT3Y1eVNXZEx0QkdXWHV0dz09
cs575/index.html	a	href	https://oregonstate.zoom.us/my/suyashsreekumar?pwd=NnlzYTRLbk5qNU51MTMvRHhXL2x1dz09
cs575/index.html	a	href	https://oregonstate.zoom.us/j/8340727662?pwd=b01tZ0hJUzdHNUtrdTRqSkdwbG4zdz09
cs575/index.html	a	href	https://oregonstate.zoom.us/my/suyashsreekumar?pwd=NnlzYTRLbk5qNU51MTMvRHhXL2x1dz09
cs575/index.html	a	href	https://oregonstate.zoom.us/j/9713710836?pwd=SlhsaXdmT3Y1eVNXZEx0QkdXWHV0dz09
cs575/index.html	a	href	https://oregonstate.zoom.us/j/9713710836?pwd=SlhsaXdmT3Y1eVNXZEx0QkdXWHV0dz09
cs575/index.html	a	href	https://oregonstate.zoom.us/j/97064201571?pwd=0iE194aRmVvgECIO2FB3oHvD4NEXaz.1
cs575/index.html	a	href	https://oregonstate.zoom.us/j/97064201571?pwd=0iE194aRmVvgECIO2FB3oHvD4NEXaz.1
cs575/index.html	a	href	https://oregonstate.zoom.us/j/97064201571?pwd=0iE194aRmVvgECIO2FB3oHvD4NEXaz.1
cs575/index.html	a	href	https://oregonstate.zoom.us/j/2983687190?pwd=SHdzL1Z0MVlYYlVYZG9FZXpraTFGQT09
cs575/index.html	a	href	https://oregonstate.zoom.us/j/97064201571?pwd=0iE194aRmVvgECIO2FB3oHvD4NEXaz.1
cs575/index.html	a	href	https://oregonstate.zoom.us/j/2983687190?pwd=SHdzL1Z0MVlYYlVYZG9FZXpraTFGQT09
cs575/index.html	a	href	https://oregonstate.zoom.us/j/97064201571?pwd=0iE194aRmVvgECIO2FB3oHvD4NEXaz.1
cs575/index.html	a	href	https://oregonstate.zoom.us/j/2983687190?pwd=SHdzL1Z0MVlYYlVYZG9FZXpraTFGQT09
cs575/index.html	a	href	https://oregonstate.zoom.us/j/93293785986?pwd=iATryJSTAQ2Uxksqyjc9rDD0SxP2jR.1
cs575/index.html	a	href	https://oregonstate.zoom.us/j/9713710836?pwd=SlhsaXdmT3Y1eVNXZEx0QkdXWHV0dz09
cs575/index.html	a	href	https://oregonstate.zoom.us/j/93293785986?pwd=iATryJSTAQ2Uxksqyjc9rDD0SxP2jR.1
cs575/index.html	a	href	https://oregonstate.zoom.us/j/9713710836?pwd=SlhsaXdmT3Y1eVNXZEx0QkdXWHV0dz09
cs575/index.html	a	href	https://oregonstate.zoom.us/j/93293785986?pwd=iATryJSTAQ2Uxksqyjc9rDD0SxP2jR.1
cs575/index.html	a	href	https://oregonstate.zoom.us/j/8340727662?pwd=b01tZ0hJUzdHNUtrdTRqSkdwbG4zdz09
cs575/index.html	a	href	https://oregonstate.zoom.us/j/9713710836?pwd=SlhsaXdmT3Y1eVNXZEx0QkdXWHV0dz09
cs575/index.html	a	href	https://oregonstate.zoom.us/j/93293785986?pwd=iATryJSTAQ2Uxksqyjc9rDD0SxP2jR.1
cs575/index.html	a	href	https://oregonstate.zoom.us/j/8340727662?pwd=b01tZ0hJUzdHNUtrdTRqSkdwbG4zdz09
cs575/index.html	a	href	https://oregonstate.zoom.us/j/9713710836?pwd=SlhsaXdmT3Y1eVNXZEx0QkdXWHV0dz09
cs575/index.html	a	href	https://oregonstate.zoom.us/j/93293785986?pwd=iATryJSTAQ2Uxksqyjc9rDD0SxP2jR.1
cs575/index.html	a	href	https://oregonstate.zoom.us/j/9713710836?pwd=SlhsaXdmT3Y1eVNXZEx0QkdXWHV0dz09
cs575/index.html	a	href	https://oregonstate.zoom.us/j/97064201571?pwd=0iE194aRmVvgECIO2FB3oHvD4NEXaz.1
cs575/index.html	a	href	https://oregonstate.zoom.us/j/97064201571?pwd=0iE194aRmVvgECIO2FB3oHvD4NEXaz.1
cs575/index.html	a	href	https://oregonstate.zoom.us/j/97064201571?pwd=0iE194aRmVvgECIO2FB3oHvD4NEXaz.1
cs575/index.html	a	href	https://oregonstate.zoom.us/j/97064201571?pwd=0iE194aRmVvgECIO2FB3oHvD4NEXaz.1
cs575/index.html	a	href	https://oregonstate.zoom.us/j/3821452144?pwd=MkwyS0NCWkI1K2JFWVhNSzZBNFNaUT09
cs575/index.html	a	href	https://oregonstate.zoom.us/my/suyashsreekumar?pwd=NnlzYTRLbk5qNU51MTMvRHhXL2x1dz09
cs575/index.html	a	href	https://oregonstate.zoom.us/j/3821452144?pwd=MkwyS0NCWkI1K2JFWVhNSzZBNFNaUT09
cs575/index.html	a	href	https://oregonstate.zoom.us/my/suyashsreekumar?pwd=NnlzYTRLbk5qNU51MTMvRHhXL2x1dz09
cs575/index.html	a	href	https://oregonstate.zoom.us/j/3821452144?pwd=MkwyS0NCWkI1K2JFWVhNSzZBNFNaUT09
cs575/index.html	a	href	https://oregonstate.zoom.us/my/suyashsreekumar?pwd=NnlzYTRLbk5qNU51MTMvRHhXL2x1dz09
cs575/index.html	a	href	https://oregonstate.zoom.us/j/7921046805?pwd=PMHzOoq8GyahgJ81NZFPQViaGsQxuh.1
cs575/index.html	a	href	https://oregonstate.zoom.us/j/9301493655?pwd=THFSRFlLdzVTSkcxZVl0SU01VnRRdz09
cs575/index.html	a	href	https://oregonstate.zoom.us/j/7921046805?pwd=PMHzOoq8GyahgJ81NZFPQViaGsQxuh.1
cs575/index.html	a	href	https://oregonstate.zoom.us/j/9301493655?pwd=THFSRFlLdzVTSkcxZVl0SU01VnRRdz09
cs575/index.html	a	href	https://oregonstate.zoom.us/j/2983687190?pwd=SHdzL1Z0MVlYYlVYZG9FZXpraTFGQT09
cs575/index.html	a	href	https://oregonstate.zoom.us/j/2983687190?pwd=SHdzL1Z0MVlYYlVYZG9FZXpraTFGQT09
cs575/index.html	a	href	https://oregonstate.zoom.us/j/9301493655?pwd=THFSRFlLdzVTSkcxZVl0SU01VnRRdz09
cs575/index.html	a	href	https://oregonstate.zoom.us/j/2983687190?pwd=SHdzL1Z0MVlYYlVYZG9FZXpraTFGQT09
cs575/index.html	a	href	https://oregonstate.zoom.us/j/9301493655?pwd=THFSRFlLdzVTSkcxZVl0SU01VnRRdz09
cs575/index.html	a	href	https://oregonstate.zoom.us/j/8340727662?pwd=b01tZ0hJUzdHNUtrdTRqSkdwbG4zdz09
cs575/index.html	a	href	https://oregonstate.zoom.us/j/7921046805?pwd=PMHzOoq8GyahgJ81NZFPQViaGsQxuh.1
cs575/index.html	a	href	https://oregonstate.zoom.us/j/9301493655?pwd=THFSRFlLdzVTSkcxZVl0SU01VnRRdz09
cs575/index.html	a	href	https://oregonstate.zoom.us/j/8340727662?pwd=b01tZ0hJUzdHNUtrdTRqSkdwbG4zdz09
cs575/index.html	a	href	https://oregonstate.zoom.us/j/3821452144?pwd=MkwyS0NCWkI1K2JFWVhNSzZBNFNaUT09
cs575/index.html	a	href	https://oregonstate.zoom.us/j/93293785986?pwd=iATryJSTAQ2Uxksqyjc9rDD0SxP2jR.1
cs575/index.html	a	href	https://oregonstate.zoom.us/j/3821452144?pwd=MkwyS0NCWkI1K2JFWVhNSzZBNFNaUT09
cs575/index.html	a	href	https://oregonstate.zoom.us/j/93293785986?pwd=iATryJSTAQ2Uxksqyjc9rDD0SxP2jR.1
cs575/index.html	a	href	https://oregonstate.zoom.us/j/3821452144?pwd=MkwyS0NCWkI1K2JFWVhNSzZBNFNaUT09
cs575/index.html	a	href	https://oregonstate.zoom.us/j/93293785986?pwd=iATryJSTAQ2Uxksqyjc9rDD0SxP2jR.1
cs575/index.html	a	href	https://oregonstate.zoom.us/j/9301493655?pwd=THFSRFlLdzVTSkcxZVl0SU01VnRRdz09
cs575/index.html	a	href	https://oregonstate.zoom.us/j/9301493655?pwd=THFSRFlLdzVTSkcxZVl0SU01VnRRdz09
cs575/index.html	a	href	https://oregonstate.zoom.us/j/7921046805?pwd=PMHzOoq8GyahgJ81NZFPQViaGsQxuh.1
cs575/index.html	a	href	https://oregonstate.zoom.us/j/7921046805?pwd=PMHzOoq8GyahgJ81NZFPQViaGsQxuh.1
cs575/index.html	a	href	https://oregonstate.zoom.us/j/9301493655?pwd=THFSRFlLdzVTSkcxZVl0SU01VnRRdz09
cs575/index.html	a	href	https://oregonstate.zoom.us/j/9301493655?pwd=THFSRFlLdzVTSkcxZVl0SU01VnRRdz09
cs575/index.html	a	href	https://oregonstate.zoom.us/j/2983687190?pwd=SHdzL1Z0MVlYYlVYZG9FZXpraTFGQT09
cs575/index.html	a	href	https://oregonstate.zoom.us/j/2983687190?pwd=SHdzL1Z0MVlYYlVYZG9FZXpraTFGQT09
cs575/index.html	a	href	https://oregonstate.zoom.us/j/2983687190?pwd=SHdzL1Z0MVlYYlVYZG9FZXpraTFGQT09
cs575/index.html	a	href	https://oregonstate.zoom.us/j/3821452144?pwd=MkwyS0NCWkI1K2JFWVhNSzZBNFNaUT09
cs575/index.html	a	href	https://oregonstate.zoom.us/my/suyashsreekumar?pwd=NnlzYTRLbk5qNU51MTMvRHhXL2x1dz09
cs575/index.html	a	href	https://oregonstate.zoom.us/j/3821452144?pwd=MkwyS0NCWkI1K2JFWVhNSzZBNFNaUT09
cs575/index.html	a	href	https://oregonstate.zoom.us/my/suyashsreekumar?pwd=NnlzYTRLbk5qNU51MTMvRHhXL2x1dz09
cs575/index.html	a	href	https://oregonstate.zoom.us/j/3821452144?pwd=MkwyS0NCWkI1K2JFWVhNSzZBNFNaUT09
cs575/index.html	a	href	https://oregonstate.zoom.us/my/suyashsreekumar?pwd=NnlzYTRLbk5qNU51MTMvRHhXL2x1dz09
cs575/index.html	a	href	https://oregonstate.zoom.us/j/8340727662?pwd=b01tZ0hJUzdHNUtrdTRqSkdwbG4zdz09
cs575/index.html	a	href	https://oregonstate.zoom.us/j/8340727662?pwd=b01tZ0hJUzdHNUtrdTRqSkdwbG4zdz09
cs575/index.html	a	href	https://oregonstate.zoom.us/j/8340727662?pwd=b01tZ0hJUzdHNUtrdTRqSkdwbG4zdz09
cs575/index.html	a	href	https://media.oregonstate.edu/media/t/1_oxgtgxlk
cs575/index.html	a	href	https://media.oregonstate.edu/media/t/1_6jqd17ge
cs575/index.html	a	href	https://media.oregonstate.edu/media/t/1_ukav18we
cs575/index.html	a	href	https://media.oregonstate.edu/media/t/1_34r0k1i9
cs575/index.html	a	href	https://media.oregonstate.edu/media/t/1_o6nepqlh
cs575/index.html	a	href	https://media.oregonstate.edu/media/t/1_50luwlvd
cs575/index.html	a	href	https://media.oregonstate.edu/media/t/1_237jmkn3
cs575/index.html	a	href	https://media.oregonstate.edu/media/t/1_dwjm9biv
cs575/index.html	a	href	https://media.oregonstate.edu/media/t/1_eids7ri1
cs575/index.html	a	href	https://media.oregonstate.edu/media/t/1_b342w8t9
cs575/index.html	a	href	https://open.oregonstate.edu/about/affordability-matters-badge.htm
cs575/index.html	a	href	https://media.oregonstate.edu/media/t/1_ge2yeuj0
cs575/index.html	a	href	https://media.oregonstate.edu/media/t/1_zbdfkkm5
cs575/index.html	a	href	https://media.oregonstate.edu/media/t/1_vs174d6r
cs575/index.html	a	href	https://media.oregonstate.edu/media/t/1_cas5ciqq
cs575/index.html	a	href	https://media.oregonstate.edu/media/t/1_pbm3kzwy
cs575/index.html	a	href	https://media.oregonstate.edu/media/t/1_nrhb8w37
cs575/index.html	a	href	https://media.oregonstate.edu/media/t/1_dm6ak0go
cs575/index.html	a	href	https://media.oregonstate.edu/media/t/1_rjmpkleq
cs575/index.html	a	href	https://media.oregonstate.edu/media/t/1_op6xbiky
cs575/index.html	a	href	https://media.oregonstate.edu/media/t/1_zb68fttd
cs575/index.html	a	href	https://media.oregonstate.edu/media/t/1_m2jyb21o
cs575/index.html	a	href	http://openmp.org/mp-documents/OpenMP-4.0-C.pdf
cs575/index.html	a	href	https://media.oregonstate.edu/media/t/1_imslxr99
cs575/index.html	a	href	https://media.oregonstate.edu/media/t/1_pwa1gw2t
cs575/index.html	a	href	https://media.oregonstate.edu/media/t/1_fd0w21ap
cs575/index.html	a	href	https://media.oregonstate.edu/media/t/1_ulxphzi5
cs575/index.html	a	href	https://media.oregonstate.edu/media/t/1_gshrdebq
cs575/index.html	a	href	https://media.oregonstate.edu/media/t/1_e5ktmvhp
cs575/index.html	a	href	https://media.oregonstate.edu/media/t/1_z5q2r8na
cs575/index.html	a	href	https://media.oregonstate.edu/media/t/1_0b4v21aa
cs575/index.html	a	href	https://media.oregonstate.edu/media/t/1_37wdmk6t
cs575/index.html	a	href	https://media.oregonstate.edu/media/t/1_thkq5gaa
cs575/index.html	a	href	https://media.oregonstate.edu/media/t/1_u7uztp8r
cs575/index.html	a	href	https://media.oregonstate.edu/media/t/1_cyxrn6h7
cs575/index.html	a	href	https://media.oregonstate.edu/media/t/1_nn1ol2cc
cs575/index.html	a	href	https://media.oregonstate.edu/media/t/1_hzn6uf7c
cs575/index.html	a	href	https://media.oregonstate.edu/media/t/1_7be903zw
cs575/index.html	a	href	https://media.oregonstate.edu/media/t/1_uwhzhl8i
cs575/index.html	a	href	https://media.oregonstate.edu/media/t/1_ccz7x9gl
cs575/index.html	a	href	https://media.oregonstate.edu/media/t/1_scyy7oyw
cs575/index.html	a	href	https://media.oregonstate.edu/media/t/1_jxaenim8
cs575/index.html	a	href	https://media.oregonstate.edu/media/t/1_gbc6oq1f
cs575/index.html	a	href	https://media.oregonstate.edu/media/t/1_cccxazbi
cs575/index.html	a	href	https://media.oregonstate.edu/media/t/1_0ac4prfx
cs575/index.html	a	href	https://media.oregonstate.edu/media/t/1_kzz01dtw
cs575/index.html	a	href	https://media.oregonstate.edu/media/t/1_pqv8c24k
cs575/index.html	a	href	https://media.oregonstate.edu/media/t/1_d5i1bcke
cs575/index.html	a	href	https://media.oregonstate.edu/media/t/1_uvknop5a
cs575/index.html	a	href	https://media.oregonstate.edu/media/t/1_ddx2f3hs
cs575/index.html	a	href	https://media.oregonstate.edu/media/t/1_3690266v
cs575/index.html	a	href	https://media.oregonstate.edu/media/t/1_stkbatam
cs575/index.html	a	href	https://media.oregonstate.edu/media/t/1_edjgv12r
cs575/index.html	a	href	https://media.oregonstate.edu/media/t/1_p6bice9u
cs575/index.html	a	href	https://media.oregonstate.edu/media/t/1_fyj7ues6
cs575/index.html	a	href	https://media.oregonstate.edu/media/t/1_f38ka1vy
cs575/index.html	a	href	https://media.oregonstate.edu/media/t/1_w8znkowm
cs575/index.html	a	href	https://media.oregonstate.edu/media/t/1_e8rj3emk
cs575/index.html	a	href	https://media.oregonstate.edu/media/t/1_ihp84pou
cs575/index.html	a	href	https://media.oregonstate.edu/media/t/1_5ctepen5
cs575/index.html	a	href	https://media.oregonstate.edu/media/t/1_htlezpm8
cs575/index.html	a	href	https://media.oregonstate.edu/media/t/1_k781egrw
cs575/index.html	a	href	https://media.oregonstate.edu/media/t/1_f4oevct9
cs575/index.html	a	href	http://www.openmp.org
cs575/index.html	a	href	https://www.openmp.org/wp-content/uploads/OpenMP-API-Specification-5-2.pdf
cs575/index.html	a	href	https://www.openmp.org/wp-content/uploads/OpenMP-4.5-1115-CPP-web.pdf
cs575/index.html	a	href	http://www.plutospin.com/files/OpenMP_reference.pdf
cs575/index.html	a	href	http://www.tommesani.com/SSEArithmetic.html
cs575/index.html	a	href	https://developer.nvidia.com/about-cuda
cs575/index.html	a	href	https://docs.nvidia.com/cuda/pdf/CUDA_Quick_Start_Guide.pdf
cs575/index.html	a	href	https://docs.nvidia.com/cuda/pdf/CUDA_C_Programming_Guide.pdf
cs575/index.html	a	href	https://docs.nvidia.com/cuda/pdf/CUSOLVER_Library.pdf
cs575/index.html	a	href	http://www.khronos.org/opencl
cs575/index.html	a	href	http://www.khronos.org/registry/cl/sdk/1.0/docs/man/xhtml
cs575/index.html	a	href	https://www.khronos.org/files/opencl20-quick-reference-card.pdf
cs575/index.html	a	href	http://developer.nvidia.com/opencl-sdk-code-samples
cs575/index.html	a	href	https://developer.nvidia.com/opencl
cs575/index.html	a	href	http://tnerual.eriogerg.free.fr/vimqrc.pdf
cs575/index.html	a	href	http://www.acm.org
cs575/index.html	a	href	http://www.sighpc.org
cs575/index.html	a	href	http://www.siggraph.org
cs575/index.html	a	href	http://dl.acm.org
cs575/index.html	a	href	https://google.github.io/styleguide/cppguide.html
cs575/index.html	a	href	https://registrar.oregonstate.edu/osu-academic-calendar
cs575/index.html	a	href	https://counseling.oregonstate.edu/
cs575/index.html	a	href	http://beav.es/anytimeanywhere
cs575/index.html	a	href	https://studentlife.oregonstate.edu/studentconduct/
cs575/index.html	a	href	https://beav.es/codeofconduct
cs575/index.html	a	href	http://ds.oregonstate.edu
cs575/index.html	a	href	https://asosu.oregonstate.edu/advocacy/rights
cs575/index.html	a	href	http://oregonstate.edu/ReachOut
cs575/index.html	a	href	https://studentlife.oregonstate.edu/bnc
index.html	a	href	http://eecs.oregonstate.edu
index.html	a	href	http://oregonstate.edu
paraview/index.html	a	href	http://www.paraview.org
paraview/index.html	a	href	http://www.paraview.org/
paraview/index.html	a	href	http://www.paraview.org/education-help/
paraview/index.html	a	href	https://www.paraview.org/Wiki/images/1/13/ParaViewTutorial52.pdf
paraview/index.html	a	href	https://www.paraview.org/Wiki/Category:ParaView
processing/index.html	a	href	http://tinyurl.com/osustemacademy
processing/index.html	a	href	https://oregonstate.zoom.us/j/8340727662?pwd=b01tZ0hJUzdHNUtrdTRqSkdwbG4zdz09
processing/index.html	a	href	https://editor.p5js.org/
processing/index.html	a	href	https://editor.p5js.org/
processing/index.html	a	href	https://www.amazon.com/Processing-Visual-Artists-Expressive-Interactive/dp/1568817169/ref=sr_1_10?s=books&ie=UTF8&qid=1541098991&sr=1-10&keywords=glassner
scratch/index.html	a	href	https://scratch.mit.edu/projects/1128345036
scratch/index.html	a	href	https://scratch.mit.edu/projects/1128344004
scratch/index.html	a	href	https://www.scratchjr.org/pdfs/scratchjr-interface-guide.pdf
scratch/index.html	a	href	https://www.scratchjr.org/teach/activities
scratch/index.html	a	href	https://scratch.mit.edu/projects/editor
scratch/index.html	a	href	https://media.oregonstate.edu/media/t/0_29e156h7
sketchup/index.html	a	href	https://app.sketchup.com/app?hl=en
sketchup/index.html	a	href	https://app.sketchup.com/app?hl=en
sketchup/index.html	a	href	https://media.oregonstate.edu/media/t/0_am8un5hq
vulkan/index.html	a	href	http://creativecommons.org/licenses/by-nc-nd/4.0/
vulkan/index.html	img	src	https://i.creativecommons.org/l/by-nc-nd/4.0/88x31.png
vulkan/index.html	a	href	http://creativecommons.org/licenses/by-nc-nd/4.0/
vulkan/index.html	a	href	http://creativecommons.org/licenses/by-nc-nd/4.0/
vulkan/index.html	img	src	https://i.creativecommons.org/l/by-nc-nd/4.0/88x31.png
vulkan/index.html	a	href	http://creativecommons.org/licenses/by-nc-nd/4.0/
vulkan/index.html	a	href	https://www.khronos.org/files/vulkan10-reference-guide.pdf
vulkan/index.html	a	href	https://www.khronos.org/files/vulkan11-reference-guide.pdf
vulkan/index.html	a	href	https://www.khronos.org/developers/library/2019-vulkanised-is-back?mc_cid=046cebf779&mc_eid=e1d5727df0
vulkan/index.html	a	href	https://renderdoc.org/vulkan-in-30-minutes.html
vulkan/index.html	a	href	https://www.khronos.org/registry/vulkan/#apispecs
vulkan/index.html	a	href	https://3dtextures.me/
vulkan/index.html	a	href	http://www.greentoken.de/onlineconv/
vulkan/index.html	a	href	https://www.amazon.com/Vulkan-Programming-Guide-Official-Learning/dp/0134464540/ref=sr_1_3?s=books&ie=UTF8&qid=1512333751&sr=1-3&keywords=vulkan
vulkan/index.html	a	href	https://www.khronos.org/files/vulkan11-reference-guide.pdf
vulkan/index.html	a	href	https://developer.nvidia.com/sites/default/files/akamai/gameworks/VulkanDevDaypdaniel.pdf
vulkan/index.html	a	href	https://developer.nvidia.com/sites/default/files/akamai/gameworks/blog/munich/mschott_vulkan_multi_threading.pdf
vulkan/index.html	a	href	https://developer.nvidia.com/vulkan-android#samples
vulkan/index.html	a	href	https://github.com/SaschaWillems/Vulkan/blob/master/examples/multithreading/multithreading.cpp
vulkan/index.html	a	href	https://developer.nvidia.com/vulkan-android#samples
vulkan/index.html	a	href	http://www.opengl.org
vulkan/index.html	a	href	http://openglbook.com/
vulkan/index.html	a	href	http://www.cs.rutgers.edu/~decarlo/428/glman.html
vulkan/index.html	a	href	http://www.glfw.org
vulkan/index.html	a	href	http://www.siggraph.org
vulkan/index.html	a	href	http://www.siggraph.org/learn/computer-graphics-bibliography-database
vulkan/index.html	a	href	http://thefree3dmodels.com
vulkan/index.html	a	href	http://lodbook.com/models
vulkan/index.html	a	href	http://people.sc.fsu.edu/~jburkardt/data/data.html
vulkan/index.html	a	href	http://www.buy3dmodels.com/free3dmodels.php
vulkan/index.html	a	href	http://www.chromesphere.com/3dmodels.html
vulkan/index.html	a	href	http://www.turbosquid.com/Search/3D-Models/free/obj
vulkan/index.html	a	href	http://www.digimation.com
webgl/index.html	a	href	https://khronos.org/webgl
webgl/index.html	a	href	https://learningwebgl.com
webgl/index.html	a	href	https://api.jqueryui.com/
webgl/index.html	a	href	https://www.cs.unm.edu/~angel/BOOK/INTERACTIVE_COMPUTER_GRAPHICS/SIXTH_EDITION/CODE/WebGL/
whirlwind/index.html	a	href	https://youtu.be/6pGysPa5QR8
whirlwind/index.html	a	href	http://creativecommons.org/licenses/by-nc-nd/4.0/
whirlwind/index.html	img	src	https://i.creativecommons.org/l/by-nc-nd/4.0/88x31.png
whirlwind/index.html	a	href	http://creativecommons.org/licenses/by-nc-nd/4.0/
whirlwind/index.html	a	href	http://creativecommons.org/licenses/by-nc-nd/4.0/
whirlwind/index.html	img	src	https://i.creativecommons.org/l/by-nc-nd/4.0/88x31.png
whirlwind/index.html	a	href	http://creativecommons.org/licenses/by-nc-nd/4.0/
whirlwind/index.html	a	href	http://creativecommons.org/licenses/by-nc-nd/4.0/
whirlwind/index.html	img	src	https://i.creativecommons.org/l/by-nc-nd/4.0/88x31.png
whirlwind/index.html	a	href	http://creativecommons.org/licenses/by-nc-nd/4.0/
whirlwind/index.html	a	href	http://creativecommons.org/licenses/by-nc-nd/4.0/
whirlwind/index.html	img	src	https://i.creativecommons.org/l/by-nc-nd/4.0/88x31.png
whirlwind/index.html	a	href	http://creativecommons.org/licenses/by-nc-nd/4.0/
whirlwind/index.html	a	href	http://creativecommons.org/licenses/by-nc-nd/4.0/
whirlwind/index.html	img	src	https://i.creativecommons.org/l/by-nc-nd/4.0/88x31.png
whirlwind/index.html	a	href	http://creativecommons.org/licenses/by-nc-nd/4.0/
whirlwind/index.html	a	href	http://creativecommons.org/licenses/by-nc-nd/4.0/
whirlwind/index.html	img	src	https://i.creativecommons.org/l/by-nc-nd/4.0/88x31.png
whirlwind/index.html	a	href	http://creativecommons.org/licenses/by-nc-nd/4.0/
whirlwind/index.html	a	href	http://creativecommons.org/licenses/by-nc-nd/4.0/
whirlwind/index.html	img	src	https://i.creativecommons.org/l/by-nc-nd/4.0/88x31.png
whirlwind/index.html	a	href	http://creativecommons.org/licenses/by-nc-nd/4.0/