cgeducation/ShadersBookSecond/index.html	href	openglstatemachine.pdf	missing
cs519/Obj/index.html	href	lighting.frag	missing
cs519/Obj/index.html	href	lighting.geom	missing
cs519/Obj/index.html	href	lighting.glib	missing
cs519/Obj/index.html	href	lighting.vert	missing
cs519v/index.html	href	openglstatemachine.pdf	missing
cs519v/index.html	href	../cs550/PDFs/SinCos.1pp.pdf	missing
cs553/index.html	href	../cs550/Handouts/GettingStarted.1pp.pdf	missing
cs553/index.html	href	../cs550/Handouts/GettingStarted.2pp.pdf	missing
cs553/index.html	href	../cs550/Handouts/GettingStarted.4pp.pdf	missing
cs553/index.html	href	../cs550/Handouts/GettingStarted.6pp.pdf	missing
cs553/index.html	href	Handouts/stencilexamples.2pp.pdf	missing
cs557/Obj/index.html	href	lighting.frag	missing
cs557/Obj/index.html	href	lighting.geom	missing
cs557/Obj/index.html	href	lighting.glib	missing
cs557/Obj/index.html	href	lighting.vert	missing
cs557/Projects/proj04.html	href	../PDFs/Project.Notes.457.557.1pp.pdf	missing
cs575/index.html	href	Handouts/Project.Notes.1pp.pdf	missing
vulkan/index.html	href	openglstatemachine.pdf	missing
vulkan/index.html	href	opengl45-quick-reference-card.pdf	missing
